,,Absulte changes of death from PA,,,,,,,Absulte changes of deaths from TI,,,,,,,Absulte changes of DALYs from PA,,,,,,,Absulte changes of DALYs from TI,,,,,
ID,zcta,2020,2027,2036,S1,S2,S3,,2020,2027,2036,S1,S2,S3,,2020,2027,2036,S1,S2,S3,,2020,2027,2036,S1,S2,S3
zcta1,94571,0.077474242,0.008423372,0.028964007,-0.289994569,-0.657315393,0.083676023,,-0.526232199,-0.018870688,-0.035057561,-0.020756782,-0.018258255,-0.10917399,,-0.060080197,0.209103583,-0.738775079,-4.747144543,-8.506181155,0.03296372,,-20.5671339,-0.706796755,-1.336225315,-0.784218755,-0.698969177,-4.206856459
zcta2,95220,-0.868120372,-0.9118198,-0.542316774,0.325591447,-1.440813798,-0.818462145,,-0.096737079,0.030430612,0.087664993,0.078077213,0.100263618,0.228543558,,-3.695790443,1.401966456,0.544059515,9.386944258,-8.676755558,-0.951483241,,-4.535609961,1.437979246,4.149072264,3.759200671,4.900323477,11.10871261
zcta3,95602,0.19090373,-0.307295108,-0.16131941,0.195898021,-1.520114358,-0.430437311,,-0.588739244,-0.083833188,-0.122775315,-0.093473861,-0.084055043,-0.023983376,,2.122243245,-3.592222125,-1.998436991,1.015413781,-11.9433295,-5.233872199,,-25.61330898,-3.640195646,-5.332830598,-3.854343419,-3.59211861,-1.014658326
zcta4,95603,2.193364628,-0.322468092,1.793096235,-0.11665685,-0.303759549,1.408196542,,-0.664044128,-0.00556198,-0.059759857,0.007216051,0.084717806,0.010647566,,15.78170527,-5.972735979,12.04570852,-2.511500901,-5.391958107,1.008940301,,-30.25663819,-0.197137419,-2.655067769,0.381305529,3.949118239,0.64719658
zcta5,95605,-0.310723149,-1.253801937,-1.727088588,-1.304065827,-1.687994273,-1.803361378,,-0.107901458,0.017235203,0.037678707,-0.004293129,0.009661113,0.018051693,,-6.594786031,-17.7643464,-27.23222959,-19.74051985,-25.21783053,-27.42896569,,-5.674051451,1.271521577,2.232803996,0.00972865,0.823163318,1.282944818
zcta6,95606,0.001083712,-0.054664083,-0.06465515,0.000956183,0.001812,-0.003046279,,-0.013076429,-0.000260189,0.001248677,-0.00146856,-0.000995419,0.00157997,,0.010765971,-0.497922839,-0.666650231,-0.195564681,-0.024166761,-0.092072273,,-0.672926824,-0.011483043,0.066181663,-0.071563701,-0.050124053,0.084832499
zcta7,95607,-0.004966188,-8.4482E-05,-0.00211569,-0.009461414,-0.001757232,-0.005391015,,-0.024656641,-0.000818832,0.000993369,0.0019428,-0.000436577,-0.000261558,,-0.141822999,0.011314903,-0.051876719,-0.209388677,-0.100573898,-0.137256614,,-1.100485164,-0.035933547,0.046338879,0.092961219,-0.01053701,-0.005808853
zcta8,95608,0.172835056,0.334716903,6.482953891,6.887434907,0.77461633,6.906690036,,-0.258479476,0.158009121,0.138705781,-0.036672219,0.057212051,0.04502219,,1.498585022,1.125369907,49.59972054,54.08934373,4.41793183,57.622059,,-11.708085,7.384046544,6.490213367,-1.561904206,2.739565354,2.049625754
zcta9,95610,-0.046143074,-0.135096695,-0.406776097,-0.203051161,1.733724055,1.752926275,,-0.108203284,0.148086185,0.060266705,0.055860504,0.162332686,0.141674975,,-0.467372436,-2.603524159,-8.799388207,-4.494813191,9.998170513,10.66621796,,-5.676043357,7.922476939,3.212245442,2.992840607,8.711024398,7.558173487
zcta10,95612,-0.010624855,-0.025708424,-0.142314774,-0.012410131,-0.074469105,-0.110601964,,-0.007002149,0.004422156,0.003714206,0.003185383,0.004142821,0.006357953,,-0.231825939,-0.75948952,-2.120849102,-0.384689449,-0.802652618,-1.278531828,,-0.31934164,0.211022307,0.182522874,0.148165316,0.19204586,0.301043561
zcta11,95614,-0.008704691,-0.012505324,-0.0081772,-0.010798779,-0.008670898,-0.030302399,,-0.068590438,-0.007855943,-0.005938953,0.007869384,-0.014451344,-0.006906283,,-0.392333075,-0.273415967,-0.246285727,-0.274282825,-0.340101655,-1.010518606,,-3.155501863,-0.345640989,-0.254656154,0.385871277,-0.642546266,-0.283739413
zcta12,95615,0.030519154,0.060481385,0.060638946,0.059683927,0.059193243,0.054987198,,-0.004017897,0.012149675,0.011015549,0.006485659,0.010510584,0.006409785,,0.141659216,0.460470068,0.395996878,0.338086534,0.314048259,0.202453934,,-0.193751317,0.592380693,0.536474207,0.322961866,0.516035901,0.318880272
zcta13,95616,-0.546252876,-1.886064559,-1.038123507,0.344428216,0.235245537,0.431466658,,-0.654969454,0.545082109,0.669976858,0.257039679,0.28346506,0.237044983,,-18.16701706,-35.18894101,-27.33685094,-1.907300601,-1.347731213,-0.63526222,,-38.38799082,31.69474841,38.64186024,15.03287619,16.66245206,14.04058514
zcta14,95618,0.02430943,-0.194111953,-0.374382858,-0.0310668,-0.151604221,-0.143336089,,-0.247383065,0.167318643,0.187004189,0.060357597,0.126591961,0.165648393,,-5.391358011,-9.728961211,-13.9000989,-4.494433163,-5.709568566,-5.335640922,,-14.24931097,9.258225323,10.33762052,3.485635772,7.161085964,9.489172352
zcta15,95619,0.010324423,0.12374938,0.020334161,0.009860766,-0.005139961,-0.076428629,,-0.161677651,0.001395038,0.005779625,0.000485394,-0.009413202,0.037049642,,-0.500868648,0.519662729,-0.096483343,-0.816279961,-0.602254837,-1.810393997,,-7.435919375,0.078739503,0.276885173,0.031965265,-0.397672257,1.752332401
zcta16,95620,-0.662831364,-0.744327914,-0.15633453,-4.381091851,-0.210551707,-1.027760444,,-0.158888861,0.552069876,0.258960912,0.192895817,0.214150474,0.372428164,,-19.16028453,-20.98699441,-8.183772503,-44.14396131,-7.700333606,-22.13003161,,-8.342191667,30.21730882,14.28562388,11.02184972,12.03439815,20.80859668
zcta17,95621,2.791930036,3.067251769,2.725266033,2.765871179,2.815210644,3.059381683,,-0.101129246,0.120752696,0.101597204,0.019453209,0.093965327,0.15084139,,23.51478907,24.3556507,18.92284475,21.49694561,24.07538313,24.12049159,,-5.102053789,6.044996449,5.132402524,1.030692334,4.737184585,7.50939443
zcta18,95623,0.157472792,0.111096195,-0.395385689,0.15274793,0.175517369,-0.078534593,,-0.093148212,0.012785329,0.010570816,0.002108814,0.013387447,0.029789632,,0.942699551,-0.069475403,-4.103109452,0.830345977,1.091276427,-1.994799669,,-4.235052155,0.621984517,0.504070783,0.107579285,0.627083016,1.397423724
zcta19,95624,-0.441415278,0.001052473,-0.009696363,-0.350997651,-0.259248651,-0.312210038,,-0.561621855,0.146137969,0.132220211,-0.081174766,-0.042701246,0.106477051,,-4.949702221,0.247771861,-2.456815616,-5.520000975,-4.503703385,-6.074076064,,-30.3018869,7.859385765,7.007171,-4.457467909,-2.323731791,5.724252417
zcta20,95626,0.756759588,0.799963792,0.739933436,0.529776466,0.721168298,0.486100335,,-0.017587633,0.005545998,0.017506784,-0.00659895,0.007795366,-0.001253349,,5.524762621,6.242542417,4.781436953,3.142058794,5.004118361,3.029780947,,-0.953133837,0.303580649,0.895324414,-0.304799046,0.44436493,-0.060925555
zcta21,95627,-0.140898452,-0.317976359,-0.280885862,-0.356425129,-0.294895983,-0.32790959,,-0.140982562,0.010380022,0.000223688,0.035916871,0.006205195,0.017402249,,-1.533454582,-4.438531148,-3.534164638,-4.793584975,-3.428416886,-3.961790316,,-7.508012734,0.590787065,0.068049885,1.975908748,0.36908854,0.962519677
zcta22,95628,0.175349828,-0.147621814,2.704494497,2.865731114,0.640900298,2.325563583,,-0.008542424,0.083172154,0.041976471,0.068483587,0.081210475,0.081824518,,-3.700401972,-5.782710547,19.86198744,21.84489506,3.763341134,13.74073208,,-0.419840238,3.962201892,1.931992714,3.144370279,3.813900684,3.814326482
zcta23,95629,-0.00646837,-0.10121614,-0.008754634,0.006052472,0.001417,0.009593718,,-0.059999342,-0.026674894,-0.027732775,-0.008896745,-0.038641089,-0.015317549,,-0.20601743,-1.963551173,-0.393150022,0.253728257,0.175196037,0.632060572,,-2.536414713,-1.13683068,-1.175544136,-0.375388852,-1.653559783,-0.658541488
zcta24,95630,-3.24316365,-0.953747239,-0.679254065,-3.092789543,-0.138804212,-0.432608329,,-0.113487099,0.640880539,0.360338668,0.699102657,0.546220828,0.686493116,,-29.72747309,-11.21861471,-9.795098985,-27.35549036,-2.084005654,-3.24776964,,-6.047348912,34.47522562,19.41609151,37.47214717,29.21948871,36.76114268
zcta25,95631,-0.009677268,-0.065712862,-0.046623766,-0.010136224,-0.035661814,-0.018464644,,-0.217717185,-0.011774518,-0.002521683,0.002614456,0.007054498,-0.001159502,,-0.309479264,-0.870190363,-0.747310404,-0.334574249,-0.50316188,-0.441139728,,-10.10252583,-0.52367661,-0.10283204,0.131715897,0.359547456,-0.032534093
zcta26,95632,-1.471011452,-0.315881673,-0.341193928,-0.059645065,-0.319155591,-1.020842263,,-0.530861158,0.166656701,0.158344299,0.056226769,0.13802084,0.244719479,,-15.46303354,-6.4484475,-6.374325415,-2.324037617,-7.038236589,-12.11790562,,-28.34055251,8.948518742,8.521589967,2.975848993,7.412650963,13.1511284
zcta27,95633,-0.009723149,-0.016696076,-0.023061908,-0.005517988,-0.007379429,-0.00721405,,-0.113310565,-0.006613276,-0.018662311,-0.01488289,-0.004733196,-0.011568299,,-0.285844692,-0.305189074,-0.435816562,-0.167345073,0.071374665,-0.155953635,,-5.33105474,-0.293584731,-0.855917463,-0.684860246,-0.227046664,-0.537622064
zcta28,95634,0.164174895,0.090605844,0.128711099,0.146909929,0.153682748,0.083994776,,-0.149350982,-0.022442014,-0.01224144,-0.021293586,-0.011877864,-0.016896716,,1.161670932,0.407236884,0.714346193,0.944076485,1.307580279,-0.025774064,,-6.849101194,-1.021649139,-0.544794692,-0.955621129,-0.546104894,-0.740823879
zcta29,95635,0.000220024,-0.01041881,-0.047895563,-0.014659414,-0.000832759,-0.045604223,,-0.052392696,0.000568342,-0.003346004,-0.006503549,-0.001354525,-0.005575272,,0.058586596,-0.358887701,-0.441047735,-0.169546272,-0.037702039,-0.397396227,,-2.605501913,0.028538123,-0.161313922,-0.324278949,-0.064412587,-0.27562699
zcta30,95636,-0.018706212,-0.005444137,0.003346926,-0.004805099,-0.03973149,-0.005123706,,-0.057849407,-0.005039977,-0.001679008,-0.013761578,-0.000905597,-0.002902497,,-0.379119381,-0.190933211,0.112459144,-0.262130216,-0.367995927,0.026462854,,-2.757210882,-0.236616474,-0.077109113,-0.643184863,-0.048368057,-0.139852193
zcta31,95637,0.024747128,-0.017847561,0.017310786,0.030722736,-0.018774112,-0.034737659,,-0.019620915,0.002962841,0.002109329,0.004516888,0.005488053,0.002751182,,0.228309787,-0.141593716,0.042901863,0.360449035,-0.394678834,-0.540265942,,-0.877004164,0.134963115,0.094119503,0.203024053,0.248137658,0.129459729
zcta32,95638,-0.007425918,0.003147691,0.008778422,-0.003707262,-0.00553351,0.000255657,,-0.018514214,0.01265419,0.005454849,-0.001165933,-0.005527589,0.002424387,,-0.150701026,0.12878471,0.322287239,-0.031973018,-0.197033001,-0.090466827,,-0.929222457,0.648980949,0.282671021,-0.054658457,-0.26598252,0.139676276
zcta33,95639,0.000999947,-0.000361271,-0.003149517,-0.021766576,0.001987937,-0.110136025,,0.009017972,0.00436843,0.001344292,0.010029446,0.006821805,0.007532748,,0.09933157,-0.006330068,-0.039783863,-0.442822934,0.143110624,-1.007751605,,0.433766369,0.212416164,0.06692928,0.488420278,0.32965352,0.367886171
zcta34,95640,-0.11447083,-0.039629561,0,-0.172418702,-0.216601969,-0.497718972,,-0.300388202,-0.064574686,0.324380488,0.117900407,0.240379478,-0.139982186,,-7.792596157,-4.123541474,0,-11.68227813,-11.68609255,-33.18352733,,-15.69454639,-3.373315042,16.94002502,6.158139395,12.55417259,-7.312921974
zcta35,95641,0.040972936,-0.080063064,-0.003575408,-0.125447164,-0.015243251,-0.003586216,,-0.100920403,0.013478289,0.003291124,0.006244896,0.01361256,0.003524152,,0.456154092,-0.747888666,-0.126829189,-1.647702258,-0.439799447,-0.018140834,,-4.434060875,0.593658267,0.165329273,0.287966513,0.609553859,0.165435873
zcta36,95645,0.017538026,0.069840463,0.062301821,-0.125528239,-0.079152285,0.006676187,,-0.036416132,0.010925974,-0.000650653,0.003468961,0.002488431,0.009525398,,0.09147144,0.797514232,0.308731937,-1.006500746,-0.71732111,-1.302463843,,-1.907711397,0.600544619,-0.006960116,0.208297919,0.151192186,0.538570453
zcta37,95648,0.164749289,0.465418804,0.000925634,0.703039,0.002365885,0.505974199,,-0.367909243,0.482423324,0.340217151,0.336831059,0.532051515,0.424292921,,2.709015152,2.541613915,-1.288426779,9.099107451,-3.465051597,5.52314905,,-16.61956501,21.75895256,15.31997085,15.06295725,23.96949483,19.04681096
zcta38,95650,-0.162297928,-0.098640839,-0.658383028,-0.108272271,-0.031666706,-0.138772224,,-0.045565653,0.054538008,0.025152878,0.028220337,0.068984771,0.057012744,,-2.926741372,-1.557406693,-6.718160657,-1.81118304,-0.834296264,-3.895179118,,-2.181423223,2.659408344,1.243211464,1.393549605,3.317855457,2.81041719
zcta39,95651,0.008301266,0.007894091,0.009481102,-0.002297877,0.009142105,-0.191561138,,-0.016271481,0.002330772,-0.003262072,0.003764172,-0.002642432,-0.002029967,,0.04365008,0.0439452,0.105850782,-0.224217911,0.086525016,-1.68891798,,-0.792177745,0.112994839,-0.15919827,0.18795525,-0.128780555,-0.090619421
zcta40,95652,0.020949975,-0.022440432,-0.03685896,0.01959913,-0.024182964,0.001488902,,-0.001745373,-0.003143658,0.000122439,-0.003775332,-0.004147226,-0.000232756,,0.232949834,-0.258076669,-0.393402344,0.257009541,-0.389079891,0.013987423,,-0.1144691,-0.194037029,0.011804022,-0.248052232,-0.254054411,-0.008469085
zcta41,95653,-0.000804286,-0.16087681,-0.001424324,0.002998866,-0.16197019,-0.512276342,,-0.006104248,0.015699163,0.012529386,-0.010363608,-0.004289695,0.020119737,,0.397183993,-2.361336662,-0.487114048,0.305778595,-0.977721364,-4.079441237,,-0.34296359,0.858288063,0.675139315,-0.549073938,-0.206064105,1.099160446
zcta42,95655,-0.00686071,-0.074161346,-0.042262785,-0.044756871,-0.03510056,-0.02738559,,-0.014509523,0.003761534,0.007525423,0.011101437,0.003283388,-0.006165874,,-0.307660665,-1.341088155,-0.775065634,-0.865502475,-0.897034419,-0.581693188,,-0.871981409,0.198605934,0.423238143,0.629612138,0.181807542,-0.406718948
zcta43,95658,-0.040526171,-0.023056947,-0.046762282,-0.128002211,-0.036705902,-0.025955812,,-0.065384932,0.007946109,-0.003413699,-0.01108079,-0.011270594,0.001718473,,-0.76760539,-0.546950616,-0.623569161,-1.447598364,-0.541285644,-0.341695313,,-2.948139514,0.348693839,-0.159407366,-0.502457787,-0.508352245,0.073187048
zcta44,95659,-0.000280657,0.034675743,0.012169343,0.013858982,-0.013996101,-0.001901058,,0.002306234,0.029214405,0.00749768,0.029477092,0.029587155,0.008844905,,-0.053432091,0.203330355,-0.178465073,-0.245969331,-0.36067939,-0.316216959,,0.107683385,1.350601703,0.353797212,1.360994969,1.367052722,0.407172877
zcta45,95660,-0.054301162,0.114224319,0.095407698,0.2571156,-0.181631839,-0.022796291,,-0.223514013,-0.079247433,-0.102701738,-0.159938489,-0.081123418,0.019934155,,-0.685214538,0.037056274,-1.022583019,2.66227974,-4.037972501,-0.589459113,,-11.95187525,-4.168214123,-5.459383523,-8.583071344,-4.328402787,1.081076825
zcta46,95661,0.583899864,0.531728686,0.530599273,0.794074089,0.19537142,0.296811896,,-0.093698448,0.114324525,0.098319688,-0.030762578,0.035474216,0.086291486,,3.338041702,0.667123602,0.781423588,3.271541659,-2.956551734,-2.24302316,,-4.601467726,5.647668952,4.857212891,-1.462793114,1.765856596,4.281188174
zcta47,95662,-0.129867276,-0.273493466,-0.288486614,-0.031791699,-1.856495592,-0.436552853,,-0.016310449,0.021922289,0.06609495,0.06444223,0.062905548,0.048347582,,-3.80833581,-4.323553952,-7.528043534,-0.594698003,-16.62050515,-6.997703455,,-0.837421006,1.150663163,3.335740149,3.1982137,3.131721428,2.437903171
zcta48,95663,-0.126803544,-0.33524618,-0.330507983,-0.0207813,-0.144395644,-0.035206694,,-0.018114633,0.009534505,-3.3546E-05,0.011136855,0.012880083,0.006179289,,-0.708152433,-2.5418103,-2.749646663,-0.001167829,-1.29091056,-0.311712707,,-0.836139252,0.451496713,0.000574345,0.508092452,0.602533772,0.290781824
zcta49,95664,-0.005789567,-0.00609631,-0.004113298,-0.003121026,-0.040532617,-0.009473812,,-0.010241219,0.009713749,0.010798194,0.009884381,0.01033448,0.006991764,,-0.139672363,-0.195964719,-0.168041955,-0.027925236,-0.328652332,-0.211276739,,-0.47521957,0.455696136,0.512764,0.459541127,0.493124188,0.332948845
zcta50,95667,-0.097963345,-3.504312276,-0.072357452,-0.929436546,-0.297493127,0.240564017,,-1.061104582,0.025272523,-0.024614655,-0.109176331,0.017502213,0.078647377,,-0.319360301,-30.53089572,-3.375787457,-12.69377417,-3.302503806,2.774278768,,-47.87227282,1.181100775,-1.082648158,-4.852026148,0.806342905,3.528765629
zcta51,95668,-0.002587671,-0.003196737,-0.037437501,-0.001045994,-0.006037001,-0.002397151,,-0.005435569,0.010184866,-0.001517742,0.007651416,0.007070417,0.004037631,,-0.063781695,-0.067152253,-0.431703415,-0.00910845,-0.078770139,-0.011361894,,-0.262579415,0.500263793,-0.074856234,0.377848176,0.345048278,0.198420341
zcta52,95669,-0.519971667,-0.030963694,-0.060340437,-0.040870467,0.006019268,-0.031690616,,-0.047050657,-0.014593159,-0.046993169,0.008849577,-0.020388918,0.019666537,,-13.70523202,-1.502265827,-3.138539226,-1.041248561,0.902716495,-1.104362692,,-2.056787642,-0.63444509,-2.043292511,0.362822685,-0.936455708,0.845383237
zcta53,95670,-0.446755988,-0.410458044,-1.163620807,-0.436784083,-0.837023782,-0.620230083,,-0.009749834,0.356598849,0.320247376,0.386656826,0.380351973,0.281480108,,-10.4596792,-13.94641012,-25.40209114,-14.52785237,-22.99731606,-15.87250732,,-0.357053995,18.86136468,16.91374561,20.33582815,20.10251647,14.87085385
zcta54,95672,-0.044491575,-0.054299542,-0.044480723,-0.045177419,-0.028402586,-0.054357427,,-0.035070926,0.020989385,0.010756472,0.013734883,0.021580487,0.014888698,,-0.727313813,-1.115985839,-0.878511798,-0.591790138,-0.723190888,-1.294900822,,-1.726263966,1.032523696,0.552606643,0.672053625,1.066976255,0.737942319
zcta55,95673,-0.559538018,-0.98531269,-0.678558923,-0.409596907,-0.938515516,-0.458632103,,-0.054140755,0.029572072,0.029801984,-0.016706483,0.020764745,0.021025675,,-4.520708594,-8.761370656,-6.751317387,-5.223526833,-8.873171632,-3.7930025,,-2.931292053,1.533585402,1.57168614,-0.863970956,1.116786041,1.058284673
zcta56,95674,-0.001669852,0.000568329,-0.001406446,-0.010992105,-0.01478803,-0.02559183,,-0.020678401,0.006031094,0.001106336,-0.004512554,0.00414345,-0.000372528,,-0.025710752,0.048927855,-0.029910298,-0.260800836,-0.110926629,-0.291511036,,-1.009404674,0.283255811,0.048056889,-0.230194997,0.192343656,-0.025873791
zcta57,95677,-0.313551034,-1.580707917,-0.38914557,-0.206553663,-0.282967963,-1.73460699,,-0.100973178,0.090509563,0.090373478,0.052468596,0.102378602,0.115862119,,-2.579259788,-14.05472299,-6.396516851,-2.456798529,-3.579512073,-17.91952808,,-5.167403412,4.69123193,4.572826301,2.623508817,5.198600431,5.937443989
zcta58,95678,0.062404941,0.059149423,-0.47189139,0.239773223,0.048799459,0.213376821,,-0.193714014,0.175462419,0.107791182,0.039062499,0.128279129,0.114550728,,-0.391393226,-4.267193006,-9.539905935,-1.208825227,-2.855690899,-1.214245782,,-10.4890976,9.629180514,5.93787807,2.1179001,6.949174797,6.210229668
zcta59,95679,0.000398717,0.000973238,0.000896781,0.000461581,-0.000526275,-0.001400117,,-0.00150518,0.000666661,0.001100185,0.001222289,0.001650543,0.001450546,,0.014909143,0.029931928,0.024158714,0.003152461,-0.011341141,-0.043735021,,-0.07094167,0.032766134,0.051798333,0.056777966,0.077091672,0.06797472
zcta60,95680,0.000363458,-0.037845853,-0.007300305,0.001135427,0.002430003,0.002256619,,-0.000105077,0.000739952,0.001761583,0.001482232,0.002258376,-0.000767543,,0.017993064,-0.684418864,-0.331567857,0.04671003,0.122273557,0.113627317,,-0.008420843,0.034215454,0.084182874,0.069905158,0.109409689,-0.042941707
zcta61,95681,-0.003008877,-0.006596919,-0.001319344,-0.00526122,-0.001651498,-0.000593642,,-0.009709578,0.008308009,-0.003255557,0.004718173,-0.000332928,0.005686968,,-0.165931999,-0.310937824,-0.045920808,-0.182051134,-0.093310249,-0.070388634,,-0.501263906,0.432925129,-0.156810227,0.246850205,-0.00451318,0.296704203
zcta62,95682,-1.50844955,-1.785446613,-1.819024047,-0.302071198,-0.412499678,-1.358342741,,-0.301598506,0.150911705,0.068573318,0.055281514,0.166846063,0.158965858,,-14.75179092,-18.68767799,-19.4955999,-4.825900386,-8.603213019,-15.56918549,,-14.4567063,7.382723684,3.404569724,2.669092653,8.203493019,7.735749947
zcta63,95683,-0.019398973,-0.025820685,-0.140981877,-0.045466084,-0.022687869,-0.030770541,,-0.005849204,0.099287117,0.037492927,0.142208777,0.088552541,0.068273433,,-0.107979243,-0.917744262,-1.684516619,-0.567518366,-0.517575196,-0.638475915,,-0.251305416,4.324929179,1.646826146,6.161980633,3.837636248,2.954635228
zcta64,95684,-0.044645055,0.001901176,0.012624705,-0.142073911,-0.010221883,-0.193108255,,-0.140996084,-0.03281212,-0.002636752,-0.000772905,-0.019849752,-0.022486283,,-1.024586395,-0.252121423,0.115348724,-1.58196096,0.125211176,-2.708991543,,-6.444072982,-1.488358696,-0.118398134,0.007387256,-0.91414719,-0.997836327
zcta65,95690,0.009903106,-0.002769441,-0.113472855,-0.048981673,0.028228572,-0.235440641,,-0.061861286,0.012021012,0.023873613,0.024848563,0.001035406,0.010428699,,-0.449294795,-0.511623834,-1.305965088,-1.905173625,0.180904373,-2.106995516,,-3.097810003,0.606397309,1.187647589,1.246633723,0.046665209,0.514337212
zcta66,95691,-0.732029234,-1.534761524,-3.459935268,-1.624503202,-3.026699099,-1.687010099,,-0.132557214,0.443736548,0.277685025,0.110277163,0.322630603,0.228159578,,-11.44651497,-28.63228485,-55.7374713,-31.99060123,-47.16664,-35.75689996,,-7.046639788,24.85441443,15.54351039,6.560463907,18.17386538,13.0691258
zcta67,95692,0.238448043,0.196595394,0.125552084,0.13006395,0.128047626,0.076956385,,-0.125091866,0.002863725,0.001565397,0.007459451,0.017732119,0.015627772,,2.098359319,1.124306632,0.525897428,0.627200045,0.628791068,0.339961043,,-6.56739234,0.182328266,0.103750212,0.396687327,0.94889604,0.840521445
zcta68,95693,-0.111444899,-0.079715174,-0.054035129,0.006104186,0.00716515,-0.015106368,,-0.042132096,0.007661774,0.008374555,0.015620278,-0.002359855,0.006165605,,-2.841507424,-1.61599907,-0.858120704,-0.197558761,0.089536614,-0.838839543,,-1.980663156,0.377148498,0.421730047,0.76967271,-0.102835616,0.318529569
zcta69,95694,0.207695385,0.034859609,0.068492242,-0.008677093,-0.027826988,-0.030562813,,-0.451534653,-0.052513073,-0.054300323,-0.047538212,-0.04251591,-0.04141513,,1.995564028,0.382707887,0.250357314,-0.5730223,-1.081471113,-1.424610041,,-23.91941183,-2.772202827,-2.880261096,-2.451517891,-2.215487075,-2.162238516
zcta70,95695,1.945550612,2.05898025,1.627682232,2.041008818,2.136285739,1.998228036,,-0.861256994,0.044846534,-0.046533339,0.007756062,-0.006845869,0.026408846,,16.47025228,13.33884464,8.460638801,17.06247303,16.69520104,12.58319857,,-43.73075701,2.096334405,-2.55376748,0.224729464,-0.484910309,1.275594766
zcta71,95697,0.000342851,0.000434695,0.000434703,0.000434712,0.000380623,-0.014493785,,0.003041811,0.018349762,0.002424049,0.016926852,0.010356397,0.019314298,,0.033237431,0.059798328,0.059800785,0.059803188,0.044160878,-0.775055086,,0.151304936,0.962883974,0.125383536,0.87110281,0.532462024,1.008451254
zcta72,95698,-0.015353888,-0.001331723,-0.015720852,-0.000349644,-0.002369197,-0.003092293,,-0.007510511,0.000651139,-0.004239226,0.001564013,9.62287E-05,-0.003821911,,-0.374506965,-0.087854923,-0.368449783,-0.018652016,-0.131806886,-0.082034966,,-0.328665937,0.035651358,-0.177180728,0.070466614,0.004578344,-0.167813266
zcta73,95701,-0.000311257,1.15556E-05,-0.001183861,-0.014576242,-6.35923E-05,0.000633436,,-0.095511696,-0.001487669,0.004042746,0.002746639,0.005800921,0.011870014,,0.008916296,0.034478129,-0.044236173,-0.197034903,-0.008552376,-0.006854388,,-4.566172615,-0.072167116,0.189905236,0.132262462,0.277164091,0.570827744
zcta74,95703,-0.000232582,-0.005014545,-0.012628735,-0.110635443,0.000241843,-0.002983776,,-0.030466942,-0.004631183,0.000381293,0.003665376,-0.000783689,-0.002069621,,-0.011749805,-0.3339634,-0.372431401,-0.886509322,0.001170209,-0.066711232,,-1.434457192,-0.201432383,0.036848467,0.17955459,-0.02206599,-0.09278133
zcta75,95709,0.094787333,0.111631805,0.094152127,-0.240053109,0.076977321,0.057839661,,-0.168848707,0.004749562,0.000515142,-0.026754282,-0.015353509,-0.007732667,,0.793283475,0.961806281,0.80788324,-2.628685698,-0.256375543,0.196442645,,-7.534475556,0.207864297,0.011316239,-1.195114652,-0.660927203,-0.350048904
zcta76,95713,0.132018483,0.031727605,-0.067180203,0.075728556,0.039866334,0.076728595,,-0.369449719,0.065092044,0.060138036,0.049594966,0.073210024,0.044516233,,2.66925571,1.225734567,0.523843583,1.457202273,1.354204898,1.147480858,,-17.78107613,2.997436509,2.759407411,2.231890987,3.393804295,2.012487442
zcta77,95714,-0.048032954,-0.000933311,-0.002795595,-0.004265444,-0.002232994,0,,-0.040331122,-0.018909241,-0.013530602,-0.002816742,-0.008110659,0.003010688,,-0.986796044,-0.097113561,-0.172703817,-0.23834119,-0.232349114,0,,-1.696037916,-0.794857757,-0.568696273,-0.118357554,-0.340850117,0.12648685
zcta78,95715,0.004438385,0.004490016,0.003965727,0.003966567,0.004300262,0.004173229,,-0.008792216,0.001534284,0.00141481,0.002306746,0.001665507,0.001786182,,0.092837444,0.09662487,0.0750277,0.083442453,0.086270735,0.07719641,,-0.439106018,0.07779833,0.070474806,0.115760285,0.083253346,0.090328882
zcta79,95717,-0.002235939,-0.000512306,-0.000990662,-0.000398845,-0.000275488,-0.002849667,,-0.02929823,-0.000440757,0.000555148,-0.003396987,-0.00313124,0.001321819,,-0.082540226,-0.001191265,-0.049604014,0.003815524,0.012462671,-0.086275519,,-1.199486381,-0.017073009,0.024193049,-0.1382392,-0.127956681,0.058305467
zcta80,95720,-0.004047651,-0.000801324,-0.00065467,-0.001848091,0.000528908,-2.31992E-05,,-0.008720853,-0.000423079,-0.001658704,-0.000380795,0.000422343,0.001379052,,-0.107235846,-0.021515863,-0.028643919,-0.014088656,-0.001952071,0.002437217,,-0.393822131,-0.019021699,-0.074997242,-0.017928954,0.018015755,0.06175687
zcta81,95721,0,0,0,0,0,0,,-0.00875738,-0.000369261,-0.003180883,-0.000960354,-0.00436043,-0.000477595,,0,0,0,0,0,0,,-0.371910177,-0.015658837,-0.134972331,-0.040730668,-0.185062653,-0.020253398
zcta82,95722,0.192195941,0.24618147,0.212977961,0.187578014,0.162844316,0.107826105,,-0.152603946,-0.003232605,3.04373E-05,0.005358545,-0.006408659,0.003954186,,1.605117571,2.017963136,1.616755514,0.819379502,0.864049591,-0.067879786,,-6.915698775,-0.14440177,-0.000709768,0.260455332,-0.255928817,0.198739234
zcta83,95724,0,-0.000373376,-0.000245981,0,0,0,,-0.001952201,0.001380026,0.001729989,0.001707618,0.001657294,0.000923019,,0,-0.020863222,-0.039167294,0,0,0,,-0.122318364,0.086430731,0.108342535,0.10694192,0.103791171,0.057812593
zcta84,95726,-0.077724316,-0.11181879,-0.01218459,-0.086838385,-0.394214098,-0.050236763,,-0.365086284,-0.018456799,-0.005317012,-0.01521454,-0.029512902,-0.028411039,,-1.05467957,-1.794227661,0.008357084,-1.351407297,-2.966307847,-0.786179273,,-17.27144487,-0.836007006,-0.233811751,-0.687080104,-1.361680038,-1.306572
zcta85,95728,0.00028526,0.000249337,0.000320919,-0.021289592,0.000543351,-0.021799421,,-0.040855365,0.007472827,-0.000849892,0.002807821,-0.000857868,0.004548107,,0.006859791,0.006076426,0.019547936,-0.846412089,0.028848748,-0.495644096,,-2.039144607,0.369646304,-0.040815157,0.142410156,-0.044998652,0.233520348
zcta86,95735,0,-0.002368665,-0.000787096,-0.000277041,0,-7.83087E-06,,-0.001784319,2.4835E-07,-0.001581576,0.000537697,0.001110459,0.000542576,,0,-0.081969233,-0.057627057,-0.020283542,0,-0.001077243,,-0.073833686,1.02734E-05,-0.065442208,0.022240401,0.045925983,0.022442214
zcta87,95736,-0.019019137,2.12561E-08,-0.000649434,-0.045806898,-0.027618325,-0.001623165,,-0.010903772,0.001639778,0.003040666,0.006185775,0.012089776,-0.004960396,,-1.062725998,6.14721E-06,-0.103405288,-1.158312719,-0.313522716,-0.109794521,,-0.632491291,0.096778846,0.178194471,0.358457356,0.703909453,-0.288154549
zcta88,95742,-0.271693234,-0.165544646,-0.136966542,-0.032564133,-0.169755569,-0.144591597,,0.018265791,0.108333613,0.071199299,0.082223403,0.118561905,0.091799806,,-3.245208075,-2.395075187,-2.367460778,-0.920292905,-3.035345255,-2.307735494,,1.152956523,6.526902906,4.31187697,4.965594339,7.137522716,5.535684824
zcta89,95746,0.329109017,0.256751564,0.115045293,0.347455613,0.283212607,0.159398976,,-0.086385866,0.01225839,-0.01908186,-0.036334935,-0.014211452,-0.009348607,,2.12081235,0.933495662,1.162873608,2.016672999,1.12743461,0.220203287,,-4.187877259,0.623581334,-0.894977185,-1.791806021,-0.678053138,-0.415495339
zcta90,95747,-0.35455944,-0.385376068,-0.612890946,0.246395164,-0.08919822,-0.073972732,,-0.222522318,0.298341278,0.068152427,0.151227159,0.23639593,0.085405121,,-4.697398758,-6.42881136,-9.747632171,1.761240455,-4.285435132,-4.12247987,,-10.89699475,14.68624652,3.371629112,7.374282191,11.63940864,4.246827659
zcta91,95757,-0.223427983,-0.391185467,-0.301013285,-0.25644761,-0.293579155,-0.245775639,,0.004620436,0.498730456,0.454069304,0.428538119,0.402174527,0.418943949,,-3.495433933,-5.958983504,-5.555410595,-3.762828708,-4.268938724,-4.142604894,,0.299221579,28.822447,26.22716832,24.68234376,23.20735313,24.13822624
zcta92,95758,1.78895207,1.728971558,-0.003260213,1.280476027,0.394969439,1.387912115,,0.05918274,0.82538777,0.841845925,0.683478879,0.714928059,0.731245302,,14.83982997,11.73355477,-3.928298491,5.673521129,-0.017374586,5.442377966,,3.338680131,45.62682624,46.47464039,37.79763293,39.52220834,40.45246691
zcta93,95762,-0.192581328,0.652707847,0.702796544,-0.170051008,-0.349731556,-0.180919779,,-0.182592663,0.192319925,0.133200983,0.333713181,0.221344457,0.229019989,,-4.522946681,0.362457909,0.493136687,-5.1690408,-6.522442792,-5.066268448,,-9.352927737,9.94968764,6.928704908,17.19293997,11.4416965,11.83353593
zcta94,95765,-0.034406032,-0.01114979,-0.132843161,-0.122937046,-0.621312249,-0.118894648,,-0.18472872,0.165276787,0.115548494,0.132382504,0.145795576,0.158722299,,-0.720361735,-1.235136167,-3.032998246,-1.330131127,-10.09786194,-1.525176001,,-9.968967752,8.975214606,6.255463867,7.117347526,8.067446571,8.518708585
zcta95,95776,-0.151770978,-0.117959898,0.601005307,0.149429655,0.107403387,0.186097721,,-0.462708325,-0.040441232,-0.049565198,-0.100571455,-0.087107388,-0.047802837,,-2.129219607,-2.167084964,3.818745749,1.479072792,0.615314041,1.370179111,,-26.56635465,-2.340271842,-2.875515581,-5.737429249,-4.956780268,-2.677142515
zcta96,95811,0.285503656,0.292521188,-0.007688483,0.091301888,0.07166601,0.058277364,,-0.005134177,0.134612737,0.073289423,0.147366857,0.124816192,0.14737961,,3.307273672,3.853149814,-3.184027869,-0.93969572,-1.756999477,-2.068307615,,-0.283577292,7.471452453,4.062043682,8.235214773,6.9320046,8.133690608
zcta97,95814,0.057870291,-0.276712977,-0.952238689,-0.978808037,-0.879635071,-1.14590726,,0.099938202,0.427968986,0.316386328,0.513340005,0.446312147,0.51295744,,-1.742465826,-8.022092361,-18.32322373,-16.2839,-16.22652417,-22.21282856,,5.102768134,21.86548446,16.21316538,26.34740883,22.95703738,26.11263756
zcta98,95815,0.902986475,-0.169917899,-0.214157361,-0.110514142,0.784144203,-0.03904968,,-0.141633166,-0.087092221,-0.027638155,-0.163929192,-0.045880472,-0.09310424,,7.195876755,-3.506374082,-6.843129825,-6.141316164,3.095077845,-5.532955835,,-7.876193062,-4.696700292,-1.523901828,-9.066434149,-2.512391022,-5.106609804
zcta99,95816,-0.255734929,-1.109000892,-1.225571887,-1.271168715,-1.285772998,-1.072137972,,-0.079187102,0.152361286,0.108348229,0.122058526,0.032148651,0.099502701,,-3.528084249,-14.16007309,-20.94342421,-17.40036042,-17.7613939,-16.78488698,,-4.263200502,8.381165419,5.912019898,6.726350431,1.779158773,5.535942998
zcta100,95817,0.288570634,0.427849834,-0.093770322,-0.055573795,0.356467925,0.025985671,,-0.124483031,-0.057544377,-0.034413611,-0.040922383,-0.037725817,-0.041939999,,4.028908493,4.187987142,-2.118784922,0.30878122,3.160028442,0.366248722,,-6.733184475,-2.999490551,-1.815654715,-2.206232311,-2.006926508,-2.254717861
zcta101,95818,0.603270743,-0.004292364,-0.660825266,-0.866626189,-0.73831587,-1.027012164,,-0.057946038,0.024333447,0.106136139,0.063237756,0.033384415,0.051209537,,0.853536135,-9.53333447,-23.92619537,-20.63710449,-19.99206231,-24.52767931,,-2.802814314,1.610425071,5.493498217,3.392010174,1.956245505,2.877762535
zcta102,95819,-0.331545907,-0.181488713,-0.498917392,0.007548006,-0.539673854,-0.352117331,,-0.089953257,0.048588657,0.043677379,-0.027590389,0.029201034,-0.001394125,,-2.238348825,-5.022067441,-9.413734952,-3.535284092,-10.15787012,-7.744866771,,-4.420787151,2.510087702,2.267921692,-1.32390774,1.539248934,0.031257831
zcta103,95820,-0.699950283,-0.365184716,-0.966293491,-0.677001059,-0.514324235,-2.271559653,,-0.271393628,-0.10997817,-0.108053308,-0.11321658,-0.076846401,-0.060903181,,-7.957089642,-6.329112968,-16.11160632,-10.4304125,-7.46586022,-23.19420163,,-14.60841479,-5.754172547,-5.76256765,-6.045951284,-4.18386389,-3.239860906
zcta104,95821,3.126431299,3.145997423,3.31302058,3.08035793,3.585376916,3.046806883,,-0.09234478,0.031896093,0.046853434,-0.041986434,0.025029286,-0.011786682,,27.58839455,27.06467692,27.62899321,26.49810285,28.66923556,24.44171954,,-4.502539349,1.693521119,2.315175378,-2.025566269,1.333420274,-0.47509054
zcta105,95822,-4.059423539,-3.283280063,-3.802416378,-3.914533021,-4.327592903,-3.954167891,,-0.438612042,-0.101575753,-0.053898081,-0.090519125,-0.140876581,-0.080205877,,-36.33170205,-30.40329913,-41.05940108,-39.86403129,-43.46471286,-42.39918173,,-21.33382242,-4.748759651,-2.646425698,-4.383769566,-6.809501523,-3.742847046
zcta106,95823,0.473748173,2.464268397,2.476841964,0.876753101,0.06959079,0.168030512,,-0.612106325,0.132441134,0.077244927,0.071740068,0.054190354,0.04167297,,2.910406465,15.56196779,15.51171435,5.200185029,-3.008916131,-2.613784686,,-34.35381927,7.657042213,4.413022455,4.053165852,3.069074653,2.407401668
zcta107,95824,-0.36289782,-0.056890792,-0.388537763,-0.570048869,-0.15653166,-0.149353883,,-0.452022806,-0.305680025,-0.324000188,-0.184825635,-0.133479448,-0.175566241,,-4.007300658,-2.930169163,-6.584980057,-6.57281197,-4.481297062,-4.223381276,,-25.43569868,-17.08369694,-18.17033521,-10.39015074,-7.506331082,-9.832611023
zcta108,95825,3.655974093,3.562069192,3.40189712,3.871692934,3.607865847,3.306825034,,-0.099809734,0.022468948,0.053347643,-0.04061192,0.0158001,0.004350511,,30.70263841,27.11683419,24.27841915,30.39087059,28.11884278,25.72841328,,-5.185358886,1.242124427,2.726592545,-2.071241827,0.802072286,0.248359017
zcta109,95826,0.080391229,-0.426613416,-0.651582805,0.026903619,-0.101905982,-0.701389314,,-0.042251318,0.253593771,0.253121678,0.195199425,0.237872569,0.205367196,,1.77899314,-4.612143074,-10.72730485,-0.45705707,-3.692343694,-11.66753206,,-2.181964531,13.80074024,13.73065468,10.53896945,12.83309273,11.12686086
zcta110,95827,-0.9203168,-1.220620729,-1.233541287,-0.050501041,-1.085251385,-1.124233568,,-0.01562508,0.139625054,0.109524484,0.130042272,0.118193839,0.064981034,,-9.346711908,-15.44886629,-17.56990355,-2.888773176,-14.80037207,-15.4374575,,-0.844783483,7.571894898,5.957466644,6.986510788,6.395975469,3.568505761
zcta111,95828,-0.040597148,-0.225046484,-1.787460003,0.095780115,-0.097788062,-2.210144596,,-0.744070502,-0.214452787,-0.194079616,-0.325905151,-0.068280626,-0.152668509,,2.681286152,-6.760576632,-16.88053939,0.864751421,-1.258645266,-22.69261639,,-40.35215669,-11.4482432,-10.4025243,-17.60217321,-3.70741127,-8.045164815
zcta112,95829,0.29198852,0.809597756,0.703313473,0.253273944,0.746695045,0.716650756,,-0.20458358,0.018450776,-0.01286805,-0.043527359,-0.014020182,-0.003919281,,1.871850301,5.218035393,4.078046799,0.28441251,5.485486342,3.939972732,,-11.49594681,0.945921256,-0.742783233,-2.462401469,-0.854005681,-0.25513669
zcta113,95830,-0.014542196,-0.000247115,0.006219008,-0.001757269,-0.007633602,-0.00052128,,-0.004159696,0.005514285,-3.02389E-05,0.019280801,-0.000660819,-0.005429216,,-0.343684187,-0.133214431,0.103463017,-0.001783077,-0.152199429,-0.197159786,,-0.198198325,0.278726461,0.007100187,0.9717081,-0.025131805,-0.263042615
zcta114,95831,0.77698871,0.357093164,3.251342864,-0.50153093,-0.727941445,3.591836851,,-0.254115895,0.020977775,0.101943181,-0.08208575,0.012301485,0.047385913,,8.785509338,0.925327799,21.06273969,-11.09644088,-12.35169583,26.30528338,,-11.78605324,1.152850446,4.863378988,-3.629014903,0.648827402,2.359282115
zcta115,95832,0.01881488,-0.219445702,-0.217951173,-0.261412656,-0.265925644,-0.182342242,,-0.13070459,-0.094565021,-0.069086598,-0.169890841,-0.105842152,-0.135179008,,-0.044819196,-1.991768075,-3.172705394,-3.623191183,-3.728580467,-2.173441976,,-7.683246779,-5.479245092,-4.044882236,-9.898534018,-6.152228578,-7.898841942
zcta116,95833,0.647451846,0.566168246,-0.718101604,-0.350579342,-0.437709199,-0.640444349,,-0.191745831,0.00327684,0.021792833,0.016492064,0.012674189,0.059072398,,3.786534845,-2.380028174,-18.37916608,-13.95988401,-15.5068351,-19.59098694,,-10.91231075,0.666091721,1.458227189,1.297894396,1.126997645,3.897042045
zcta117,95834,-0.16261059,-0.611436165,-0.828415185,-1.028327081,-0.700418017,-0.908574248,,-0.07982066,0.154574114,0.10524373,0.224358415,0.132168762,0.256991357,,-3.844762464,-9.845216287,-14.92788694,-17.94079617,-12.63583199,-16.45101299,,-4.662186108,9.491476288,6.490873868,13.65701139,8.062876912,15.58723647
zcta118,95835,-0.038391519,-0.194155126,-0.459275652,-1.237705579,-0.430761381,-1.101832507,,-0.14078418,0.239791202,0.067610655,0.300987339,0.23832638,0.270365857,,-0.539860031,-3.731962273,-11.70221643,-16.30838959,-10.42287968,-17.29215916,,-7.940487461,14.09800724,4.060859947,17.38205824,13.84279807,15.75563542
zcta119,95837,0.003215716,0.007103512,0.001592496,-0.071750849,-0.014444536,-0.015944664,,-0.000368745,0.003298577,0.00206353,0.005545562,0.00089042,0.00199282,,0.020576235,0.072937896,-0.044717324,-0.694683868,-0.311121721,-0.241540115,,-0.012926907,0.149738638,0.095927072,0.248739645,0.045070607,0.095339974
zcta120,95838,-0.2945144,0.845919416,-0.159017615,-0.098110728,-0.263523396,-0.243108626,,-0.273333468,-0.180102022,-0.143771588,-0.330859566,-0.160041549,-0.174542895,,-7.010826836,4.794694673,-5.710050266,-2.828397279,-5.441954788,-6.08369753,,-15.65256557,-10.20705324,-8.144709692,-18.98349647,-9.166100311,-10.02666224
zcta121,95841,-0.259870287,0.29799374,-0.149440911,0.169465678,0.022331281,-0.023386998,,-0.061461242,0.017942987,0.048107258,-0.006161151,0.061744103,0.041386891,,-2.750045545,2.199310819,-3.630076614,-0.281525924,0.142543004,-0.707988253,,-3.247557354,1.046136633,2.566027805,-0.271671489,3.292531508,2.200723124
zcta122,95842,0.451249921,0.764446554,0.56426251,-0.061779428,0.465983635,-0.070846773,,-0.133348794,0.044079832,0.047455393,-0.043881741,0.010089583,0.003667665,,4.374418555,7.424995999,3.407495078,-0.226426302,2.970866901,-3.87791962,,-7.590411611,2.450602594,2.535527538,-2.557397575,0.501545379,0.221591629
zcta123,95843,-0.819191152,-0.848136272,-0.888961698,-0.888879411,-0.947405703,-0.945644973,,-0.248405974,0.03796524,-0.013555155,-0.000746051,0.078919192,0.150301227,,-8.284640256,-11.02059167,-11.2322005,-11.5125258,-9.482621613,-13.06408647,,-14.30338692,2.309089018,-0.696068316,0.004049867,4.601924564,8.715696826
zcta124,95864,2.639375019,0.875320833,2.427895821,0.486613557,2.635711561,2.418192045,,-0.065875559,0.029318781,0.021331048,-0.044748901,0.005678814,-0.053888626,,20.00053868,6.00212106,16.96338943,1.774441048,20.55999731,15.45682994,,-2.812000977,1.387213455,1.039748377,-1.928398338,0.330195398,-2.247606888
zcta125,95901,1.493245261,0.136220959,0.159558503,0.13919638,1.303929611,0.1162802,,-1.103398973,0.094704892,0.130534848,0.100809469,0.061339057,0.114767359,,11.56569198,-1.221470147,-0.435608737,-0.385688835,9.27167908,0.4989286,,-59.06019729,5.24428557,7.143422956,5.462876977,3.335158335,6.194946357
zcta126,95903,0.000382035,0.000129334,0.000204054,6.76295E-05,-0.000749914,-0.000132789,,-0.095683304,-0.059271421,-0.073934827,-0.05499256,-0.055262509,-0.053527379,,0.040196049,0.002634014,0.022788314,-0.014363759,-0.057047162,-0.051470534,,-6.571551098,-4.072623281,-5.053070109,-3.751437757,-3.761470714,-3.651051823
zcta127,95914,0.004403715,0.003601597,0.003929205,-0.192057848,0.002759969,0.004322008,,-0.023372939,0.011077549,0.006413015,0.019099488,0.014246748,0.01016525,,0.217740892,0.214690468,0.203624957,-1.320973516,0.22676884,0.23445008,,-1.042003371,0.492336617,0.290096572,0.847429958,0.631301458,0.454783597
zcta128,95918,-0.014302036,-0.030511748,0.001855267,-0.001072198,-0.009468869,-0.028185842,,-0.146405049,-0.030593456,-0.006611657,-0.015846537,-0.011913577,-0.012686197,,-0.430435493,-0.477782756,-0.031655436,-0.201660871,-0.348826653,-0.738013573,,-6.764704969,-1.406366226,-0.304170079,-0.729973848,-0.530291751,-0.581060397
zcta129,95919,0.006910996,-0.000834358,0.00147833,0.006325922,-0.024956472,0.006443421,,-0.112778419,-0.012717561,-0.00608432,-0.009961788,0.010566948,-0.014298154,,0.152038972,-0.127038581,-0.107018971,0.2095189,-0.33455727,0.189197411,,-4.905348126,-0.537776707,-0.258647925,-0.434760876,0.462077923,-0.621437361
zcta130,95922,0.001161944,0.000276133,-0.003510125,-0.000731717,-0.003819255,0.000643338,,-0.076395805,-0.008740041,-0.006169376,-0.007376039,0.001372026,-0.002354387,,-0.024834252,-0.039863158,-0.077057653,-0.083780351,-0.140346149,-0.0010632,,-3.476588162,-0.396221571,-0.277907488,-0.335400471,0.064312016,-0.106798665
zcta131,95925,0.0026697,0.001275534,0.002542693,0.001693653,-0.001818975,0.002964265,,-0.020702936,-0.001082369,0.000529069,0.000991758,0.00330504,0.00251729,,0.007577653,-0.034054626,0.003127891,-0.012829554,-0.047899218,0.027933336,,-1.020457802,-0.053559284,0.027248838,0.047410603,0.16195875,0.123579064
zcta132,95930,0,0,0,0,0,0,,-0.01990965,-0.004084489,-0.001183536,-0.001517063,-0.000997348,-0.000834793,,0,0,0,0,0,0,,-0.918926739,-0.188297375,-0.054542974,-0.06991654,-0.045961429,-0.038469471
zcta133,95935,9.82253E-05,-0.000145486,-0.04230408,-0.002938015,-0.003738611,-0.014399643,,-0.041860212,0.001792373,0.004133987,-0.002255185,-0.000295916,-0.007119495,,0.010229735,0.007150604,-0.426849176,-0.106052366,-0.184541567,-0.219206892,,-1.904677589,0.085251165,0.185835589,-0.100646132,-0.007987297,-0.320418258
zcta134,95937,0.044538903,0.102654618,0.088250194,0.077654007,0.104520504,0.069350284,,-0.032708334,0.005726073,-0.000348467,0.002600869,-0.003537254,-0.003384436,,0.321417504,1.073525487,0.789875087,0.769546591,1.07523816,-0.130964146,,-1.496872694,0.263446808,-0.015336908,0.112883843,-0.157922969,-0.142159792
zcta135,95941,-0.001067985,0.002119257,-0.001880792,-0.138121952,0.007163048,-0.047806156,,-0.058287996,-0.002992583,0.001122508,0.001638177,0.009836635,-0.01222636,,-0.031709321,-0.03472529,-0.131445131,-0.921598649,0.222232697,-0.966326279,,-2.378759916,-0.110994051,0.046344237,0.071110833,0.406398538,-0.493097003
zcta136,95948,1.973074204,1.619715587,0.141159675,1.795162219,1.108729101,0.133168275,,-0.949436354,-0.209519719,-0.103065385,-0.250819248,-0.255841359,-0.139928439,,16.6665261,8.747771802,-1.408594512,10.8653397,8.255200833,-0.337789172,,-47.94276352,-10.60139636,-5.183591162,-12.58228038,-12.83637947,-7.037120376
zcta137,95953,-0.012521849,-0.183803634,-0.205225649,-0.80699907,-0.056123807,-0.117862135,,-0.669658985,0.013951518,0.022316379,0.034489124,0.028219495,0.082329025,,0.52474672,-2.47579241,-2.68418947,-9.183724435,-0.574254528,-1.454729221,,-35.2342035,0.789353327,1.221084684,1.882474031,1.481516278,4.316603974
zcta138,95957,0.000837993,-0.005960554,-0.012667595,-0.00130011,-0.049678377,-0.008131955,,-0.016780767,-0.001566971,-0.00100912,0.003704188,0.001481897,0.000497125,,0.055443996,-0.104519268,-0.207911394,-0.070450247,-0.373430058,-0.20743116,,-0.798006808,-0.080226468,-0.044124989,0.174699707,0.06135848,0.018368336
zcta139,95960,0.004244779,-0.007078596,0.003279468,-0.0239644,0.007135411,0.005415422,,-0.083271887,-0.004389373,0.004141884,-0.012852763,-0.003077183,-0.005711605,,0.366874059,-0.066464556,0.274566575,-0.510741156,0.511643077,0.396482513,,-4.023859058,-0.207476642,0.196599749,-0.623370532,-0.155186029,-0.28337293
zcta140,95961,0.128242707,0.307369035,0.202588173,-0.353761597,0.148681642,0.198352325,,-0.729029061,0.039995436,0.080843486,-0.106846767,-0.17225083,0.083439451,,-0.312669115,2.068390707,0.455380188,-3.882953888,1.228700928,0.762344837,,-41.74052055,2.236349986,4.601157944,-6.109923301,-9.858320697,4.710868412
zcta141,95962,-0.134752188,-0.01434676,-0.005173393,-0.003799945,-0.003583531,-0.011139742,,-0.08942208,0.005687679,0.009791825,0.002254382,0.014924412,-0.003342187,,-1.256293127,-0.266919639,-0.146894728,-0.224636871,-0.078615611,-0.292959441,,-4.116441662,0.265199945,0.44886539,0.099526389,0.690334011,-0.1551201
zcta142,95966,0.322353893,0.296509521,-1.451697136,-53.37870736,-0.014654877,-0.807885827,,-2.655897446,-0.633037284,-0.079827341,-1.017001339,-0.295198681,-0.058069512,,13.53518481,11.5615719,-25.62830258,-427.3306836,-2.769362596,-8.47363876,,-122.150353,-28.69170797,-3.45010553,-46.48176789,-13.447557,-2.932535859
zcta143,95977,-0.002267765,-0.050030967,-0.082029574,0.000543851,-0.025004025,0.004712396,,-0.038219147,-0.020268961,-0.010292402,0.001847759,-0.004172043,0.002741373,,0.144046842,-0.552616016,-1.542260417,0.001744214,-0.386759386,0.221452178,,-1.925293257,-0.996610389,-0.496815326,0.096493406,-0.206036077,0.141021015
zcta144,95981,0.002672942,0.001981813,0.002429248,-0.001310633,0.001899668,0.000355058,,-0.007275385,-0.000237884,-0.000725196,-0.000169192,0.00094,-0.003252282,,0.058703092,0.030172549,0.042508757,-0.048270494,0.02291075,-0.045540858,,-0.337068666,-0.010878574,-0.032998578,-0.00636272,0.042979477,-0.14757076
zcta145,95982,0.00961223,-0.00670479,-0.120041504,-0.343429518,-0.071804002,-0.038645796,,-0.151698286,-0.001067156,-0.009964771,0.001812318,-0.007947492,0.007996687,,0.659088101,0.263210677,-0.670492739,-3.331485411,-0.374711922,-0.256420521,,-7.880966627,-0.064778756,-0.536975553,0.098310759,-0.420720455,0.40156799
zcta146,95991,-0.206759817,0.312746133,-0.018739695,-0.4985045,-0.090734036,-0.094418935,,-1.879504943,-0.021207071,-0.035977829,0.222740668,-1.25886E-05,0.038373572,,-0.903565526,2.038443318,0.883048321,-6.029044511,1.598916219,1.458516285,,-100.3702824,-1.188115896,-2.022641425,12.00651881,-0.028198089,2.015462035
zcta147,95993,0.285477367,0.052312571,0.274167485,-2.010039623,0.315600487,0.224475205,,-1.653013018,0.024211282,0.027718079,0.248155177,0.038760472,0.034213116,,4.341622863,-1.11919319,1.863806876,-22.91110782,2.002195556,3.036630595,,-84.26106374,1.360747043,1.565619548,12.87432763,2.024315049,1.765474925
zcta148,96145,-0.055080614,-0.002173811,-0.001159146,-0.000485693,0,-0.028625761,,-0.426945597,-0.120575834,0.003489076,-0.010929531,0.010425198,-0.065022595,,-2.71324482,-0.346147395,-0.156456253,-0.066830263,0,-1.647989546,,-21.87662372,-6.174492908,0.178610111,-0.559520048,0.533667664,-3.32923017
zcta149,96146,0.00013742,0.004052076,-0.000885841,0.003031137,-0.012434269,-3.70101E-06,,-0.138232954,-0.011102866,0.00055434,0.002251667,0.002868399,-0.008029901,,-0.051858975,0.170140697,-0.093876232,0.144638231,-0.299015685,0.047776231,,-7.314346558,-0.573440277,0.037010922,0.134185903,0.165962631,-0.41374174
zcta150,96155,-2.92157E-05,-0.000189242,-1.24725E-05,0,0,-1.85293E-06,,-0.000237232,3.52813E-05,8.15234E-06,1.14477E-05,-0.000157505,5.60393E-05,,-0.003039947,-0.01057424,-0.000696922,0,0,-0.000192801,,-0.011469701,0.001704938,0.000393976,0.000553225,-0.00761402,0.002707933
zcta151,96161,0.001489197,0.012697986,-0.030124567,-0.078486172,0.014835249,-0.020786798,,-1.641215402,0.045742896,-0.00447232,0.085654562,0.033826184,0.017402758,,0.01573148,0.448066164,-1.008930783,-1.907901794,0.436119745,-1.160130937,,-89.42370616,2.482245407,-0.269541915,4.626148985,1.827052792,0.957893741