,,Age std changes of death from PA,,,,,,,Age std changes of deaths from TI,,,,,,,Age std changes of DALYs from PA,,,,,,,Age std changes of DALYs from TI,,,,,
ID,zcta,2020,2027,2036,S1,S2,S3,,2020,2027,2036,S1,S2,S3,,2020,2027,2036,S1,S2,S3,,2020,2027,2036,S1,S2,S3
zcta1,94571,0.522977576,0.055272218,0.273184009,-1.819474458,-5.901344002,0.396082699,,-5.922535086,-0.212382127,-0.39455897,-0.233609365,-0.205489427,-1.228710037,,-0.060080197,0.209103583,-0.738775079,-4.747144543,-8.506181155,0.03296372,,-304.0202372,-10.54146425,-19.855382,-11.6746069,-10.37665663,-62.36822456
zcta2,95220,-8.068334956,-14.49772804,-9.137177057,3.835819725,-19.70803204,-13.5462088,,-1.304919959,0.41048906,1.182543457,1.05321056,1.352490674,3.082903201,,-3.695790443,1.401966456,0.544059515,9.386944258,-8.676755558,-0.951483241,,-65.23247046,20.67025038,59.63443575,53.96764957,70.27892587,159.3763299
zcta3,95602,0.575831583,-1.022883334,-0.574711307,0.492147001,-4.70840776,-1.389404438,,-3.10179638,-0.441678522,-0.646846682,-0.492470797,-0.442847372,-0.126357383,,2.122243245,-3.592222125,-1.998436991,1.015413781,-11.9433295,-5.233872199,,-159.4662085,-22.66855321,-33.20786488,-24.1489584,-22.41060995,-6.33777932
zcta4,95603,4.308477863,-0.805211888,3.437696269,-0.28915856,-0.718960224,2.407156832,,-2.213143707,-0.018537113,-0.19916922,0.024049846,0.282349729,0.035486488,,15.78170527,-5.972735979,12.04570852,-2.511500901,-5.391958107,1.008940301,,-113.3671575,-0.756665509,-9.969866167,1.411884272,14.76826435,2.373071477
zcta5,95605,-2.575047713,-10.99212698,-14.9193081,-11.15375702,-14.74761239,-15.46554702,,-0.764326601,0.122086616,0.266899431,-0.030410642,0.068435084,0.127870278,,-6.594786031,-17.7643464,-27.23222959,-19.74051985,-25.21783053,-27.42896569,,-38.46943918,8.805112645,15.26508493,0.184821995,5.740019688,8.866654865
zcta6,95606,0.358065196,-33.12462429,-37.87253594,0.286971046,0.439935445,-2.520697801,,-6.456412034,-0.128466605,0.616527372,-0.725093209,-0.491482267,0.78010103,,0.010765971,-0.497922839,-0.666650231,-0.195564681,-0.024166761,-0.092072273,,-328.6990329,-5.613976682,32.32221987,-34.96654224,-24.48654285,41.42828122
zcta7,95607,-0.719674169,0.003653466,-0.300914177,-1.114706831,-0.276127691,-1.172077682,,-5.48251416,-0.182071036,0.220880115,0.431990144,-0.097074891,-0.058158562,,-0.141822999,0.011314903,-0.051876719,-0.209388677,-0.100573898,-0.137256614,,-279.7714766,-9.164441989,11.68508025,23.33523248,-3.105319946,-1.756327787
zcta8,95608,0.164119537,0.283826089,5.325311202,5.66030601,0.629785763,5.780110446,,-0.404451994,0.24724247,0.21703785,-0.057382321,0.089521723,0.070447816,,1.498585022,1.125369907,49.59972054,54.08934373,4.41793183,57.622059,,-20.75525426,13.06346112,11.48120738,-2.780396441,4.839241343,3.632228839
zcta9,95610,-0.132520975,-0.350407974,-0.994520634,-0.481371776,3.908411354,3.977614515,,-0.243203282,0.332846147,0.135458554,0.12555495,0.364867317,0.318435982,,-0.467372436,-2.603524159,-8.799388207,-4.494813191,9.998170513,10.66621796,,-12.47160604,17.42031431,7.062265252,6.581151657,19.15634874,16.61753822
zcta10,95612,-0.531990575,-1.519485609,-7.546823852,-0.685395376,-4.01108991,-6.012539408,,-0.542386235,0.342540045,0.287702264,0.246739676,0.320902793,0.492486847,,-0.231825939,-0.75948952,-2.120849102,-0.384689449,-0.802652618,-1.278531828,,-27.29974711,17.97005085,15.50543691,12.64471286,16.39434724,25.65278896
zcta11,95614,-0.176679042,-0.330044731,-0.203791525,-0.2607489,-0.160002707,-0.542972894,,-1.794220778,-0.205499437,-0.155353922,0.205851025,-0.378025016,-0.180657795,,-0.392333075,-0.273415967,-0.246285727,-0.274282825,-0.340101655,-1.010518606,,-91.45823533,-10.09107778,-7.466947995,11.07347712,-18.72670775,-8.381364477
zcta12,95615,2.978460354,4.900286392,4.6408727,4.4441471,4.371547816,3.624447193,,-0.453808703,1.372267217,1.244171306,0.732534588,1.187137067,0.723964861,,0.141659216,0.460470068,0.395996878,0.338086534,0.314048259,0.202453934,,-23.03130718,70.41119245,63.76656843,38.38218682,61.33382492,37.89735522
zcta13,95616,-1.760884391,-5.699275863,-3.325987225,0.873121483,0.616434037,1.141151395,,-1.195801313,0.995176031,1.223200871,0.469286597,0.517532366,0.43278156,,-18.16701706,-35.18894101,-27.33685094,-1.907300601,-1.347731213,-0.63526222,,-60.49489941,49.78627314,60.49663187,23.66945289,26.28889194,22.22005772
zcta14,95618,0.33043699,-1.011514843,-2.036485835,-0.089332552,-0.878117581,-0.84114046,,-0.886995333,0.599923262,0.670506054,0.216412984,0.453897192,0.593934559,,-5.391358011,-9.728961211,-13.9000989,-4.494433163,-5.709568566,-5.335640922,,-45.88209014,29.59779737,33.04276523,11.22865212,22.98491936,30.52532948
zcta15,95619,0.152941257,1.504380765,0.291141716,0.076909451,-0.085989137,-1.049604313,,-3.189156557,0.027517675,0.11400543,0.009574583,-0.18567918,0.730819059,,-0.500868648,0.519662729,-0.096483343,-0.816279961,-0.602254837,-1.810393997,,-162.8042653,1.705299485,6.048051962,0.687525787,-8.751859113,38.30427012
zcta16,95620,-4.188474492,-4.805018383,-0.936298997,-39.15920756,-1.332123096,-7.111996386,,-0.816999525,2.838718988,1.331565605,0.991861794,1.101152308,1.915009215,,-19.16028453,-20.98699441,-8.183772503,-44.14396131,-7.700333606,-22.13003161,,-40.10973525,145.5421656,68.82913877,53.1792369,58.02617288,100.3093267
zcta17,95621,5.720248176,6.305036643,5.587501461,5.658494476,5.761129746,6.268079377,,-0.250368,0.298950228,0.251526535,0.048160757,0.232632121,0.373441498,,23.51478907,24.3556507,18.92284475,21.49694561,24.07538313,24.12049159,,-12.92955571,15.31974451,13.0063797,2.611342636,12.00495273,19.03148097
zcta18,95623,3.880592606,2.984720286,-8.729398243,3.783308729,4.269635095,-1.388677987,,-2.339233046,0.32107823,0.265465137,0.052958702,0.336199242,0.748107674,,0.942699551,-0.069475403,-4.103109452,0.830345977,1.091276427,-1.994799669,,-119.2020603,17.35759034,14.10186875,2.985104638,17.58273708,39.17499585
zcta19,95624,-1.056706851,-0.000729791,0.006163672,-0.824714643,-0.595387302,-0.725440385,,-0.968745625,0.252074447,0.228067605,-0.140018944,-0.07365569,0.183663041,,-4.949702221,0.247771861,-2.456815616,-5.520000975,-4.503703385,-6.074076064,,-49.74384184,12.9014925,11.50031921,-7.319083798,-3.815082959,9.396540564
zcta20,95626,17.90481723,18.7457728,17.61017714,12.60771078,16.99023403,11.47841442,,-0.299223383,0.094355629,0.297847875,-0.112269809,0.132624777,-0.021323582,,5.524762621,6.242542417,4.781436953,3.142058794,5.004118361,3.029780947,,-15.95844403,5.082000905,15.00624766,-5.118825826,7.433616471,-1.022142687
zcta21,95627,-6.090521741,-13.24731465,-12.04300082,-14.82168456,-12.67102029,-13.59661741,,-4.100192845,0.301881959,0.006505507,1.044569603,0.180465543,0.506109236,,-1.533454582,-4.438531148,-3.534164638,-4.793584975,-3.428416886,-3.961790316,,-209.4622076,16.52470253,1.961475651,55.19573293,10.34035732,26.89297243
zcta22,95628,0.308596011,-0.23675776,5.350067727,5.632896645,1.159113109,4.629396691,,-0.020266087,0.197318009,0.099585178,0.162470785,0.192664112,0.194120872,,-3.700401972,-5.782710547,19.86198744,21.84489506,3.763341134,13.74073208,,-1.085855604,10.27324498,5.023533567,8.177597075,9.900263429,9.907430011
zcta23,95629,-0.268112998,-7.458292632,-0.906736348,0.243366108,0.041654947,0.804035083,,-6.60111945,-2.934768195,-3.051156128,-0.978818701,-4.251287301,-1.685234687,,-0.20601743,-1.963551173,-0.393150022,0.253728257,0.175196037,0.632060572,,-339.862007,-152.0897916,-157.4327276,-50.31796209,-221.0463739,-87.95490934
zcta24,95630,-5.744261101,-1.811006206,-1.224262029,-5.490665563,-0.249968341,-0.786330874,,-0.158333629,0.894136361,0.50273317,0.975366027,0.762070111,0.957773593,,-29.72747309,-11.21861471,-9.795098985,-27.35549036,-2.084005654,-3.24776964,,-8.077154802,46.03925471,25.92808161,50.04458691,39.02440604,49.09585334
zcta25,95631,-0.123290249,-0.902239934,-0.619015644,-0.107836722,-0.472329774,-0.208271429,,-3.473565733,-0.187856385,-0.04023215,0.041712298,0.112550888,-0.018499266,,-0.309479264,-0.870190363,-0.747310404,-0.334574249,-0.50316188,-0.441139728,,-177.6464889,-9.263058394,-1.842324704,2.291137857,6.244990102,-0.623225277
zcta26,95632,-6.998687083,-1.328577303,-1.428573608,-0.166413338,-1.330441769,-4.910601161,,-1.917061849,0.601835713,0.571817716,0.203047807,0.498425026,0.883738376,,-15.46303354,-6.4484475,-6.374325415,-2.324037617,-7.038236589,-12.11790562,,-98.29103422,31.03942919,29.5600842,10.31882365,25.7121509,45.61775467
zcta27,95633,-0.272502079,-0.457310032,-0.626340637,-0.140455488,-0.288054978,-0.183570132,,-3.242496693,-0.189245608,-0.534040948,-0.425888981,-0.135445201,-0.3310386,,-0.285844692,-0.305189074,-0.435816562,-0.167345073,0.071374665,-0.155953635,,-166.4775683,-9.238838693,-26.81765978,-21.44865196,-7.072610241,-16.81559967
zcta28,95634,4.851616934,3.283571451,4.142635036,4.516045653,4.642761831,3.227045444,,-4.216228776,-0.633545637,-0.345579992,-0.601125152,-0.33531612,-0.477000001,,1.161670932,0.407236884,0.714346193,0.944076485,1.307580279,-0.025774064,,-215.5530887,-32.18001841,-17.20506323,-30.14987891,-17.18186315,-23.43699168
zcta29,95635,-0.1181518,-0.831522788,-5.462635599,-1.116008561,-0.127120116,-5.275734864,,-3.913492314,0.042452489,-0.249931065,-0.485785033,-0.101176749,-0.416447054,,0.058586596,-0.358887701,-0.441047735,-0.169546272,-0.037702039,-0.397396227,,-201.5193167,2.205847643,-12.50253254,-25.07659201,-4.996936427,-21.32634828
zcta30,95636,-1.081675681,-0.276087641,0.246969084,-0.338917784,-5.77927121,-0.551291286,,-5.25080263,-0.457462312,-0.152398061,-1.24909367,-0.082198103,-0.263450249,,-0.379119381,-0.190933211,0.112459144,-0.262130216,-0.367995927,0.026462854,,-269.7575746,-23.19808984,-7.583200689,-63.0977675,-4.662438048,-13.66245224
zcta31,95637,8.376710277,-5.395899645,7.108139603,8.573933045,-3.200939997,-8.17186713,,-4.78708407,0.722870004,0.514631165,1.102024081,1.338967692,0.671229592,,0.228309787,-0.141593716,0.042901863,0.360449035,-0.394678834,-0.540265942,,-245.2683753,37.63824129,26.32884703,56.73144137,69.27655236,35.93286537
zcta32,95638,-0.37078006,0.024695542,0.279210213,-0.278071152,-0.370833823,-0.096550279,,-0.828633314,0.566358531,0.24414051,-0.052183179,-0.247396076,0.108507343,,-0.150701026,0.12878471,0.322287239,-0.031973018,-0.197033001,-0.090466827,,-41.84250322,29.18839307,12.70614961,-2.470971927,-12.00592144,6.244218451
zcta33,95639,0.2977026,-0.098457492,-0.674674294,-7.102697869,0.549792181,-34.80317818,,3.02050387,1.463173931,0.450260836,3.359289863,2.284913979,2.523039097,,0.09933157,-0.006330068,-0.039783863,-0.442822934,0.143110624,-1.007751605,,153.5504277,75.14112927,23.64031344,172.7594229,116.6601112,130.1013273
zcta34,95640,-0.52504337,-0.174697684,0,-1.016529138,-2.145589377,-6.040868378,,-2.209009832,-0.474872566,2.385445509,0.867021933,1.76771467,-1.029408021,,-7.792596157,-4.123541474,0,-11.68227813,-11.68609255,-33.18352733,,-113.1240647,-24.3145853,122.1043372,44.38769972,90.49060582,-52.71080763
zcta35,95641,1.375224278,-4.052777333,0.117405552,-5.527123954,-0.306760962,-0.113573558,,-4.577705765,0.611369334,0.149283957,0.283265777,0.617459837,0.159853986,,0.456154092,-0.747888666,-0.126829189,-1.647702258,-0.439799447,-0.018140834,,-234.6607827,31.40620854,8.58690019,15.13319198,32.16897965,8.672066098
zcta36,95645,-0.38233213,3.979628982,3.661700432,-13.13016306,-8.712837909,0.084891587,,-1.833883748,0.550222235,-0.032766322,0.174693745,0.125315152,0.479690485,,0.09147144,0.797514232,0.308731937,-1.006500746,-0.71732111,-1.302463843,,-92.68708631,29.19303395,-0.323446792,10.13466912,7.357046095,26.18817114
zcta37,95648,0.040347651,0.620345858,-0.054804556,1.032988679,-0.044110629,0.684598231,,-0.761610554,0.998666661,0.704285032,0.697275467,1.101402198,0.878330655,,2.709015152,2.541613915,-1.288426779,9.099107451,-3.465051597,5.52314905,,-39.13836737,51.24877614,36.08856542,35.50616246,56.461386,44.88073387
zcta38,95650,-1.082123337,-0.656600933,-5.31442265,-0.717091325,-0.217298738,-0.907878514,,-0.360786875,0.431829596,0.199159406,0.223447409,0.546218442,0.451424449,,-2.926741372,-1.557406693,-6.718160657,-1.81118304,-0.834296264,-3.895179118,,-18.4561445,22.46301098,10.48835604,11.75763158,28.05933093,23.7156702
zcta39,95651,1.548737623,1.386953201,1.636747466,-0.416417284,1.665916757,-36.68382649,,-2.468640343,0.353614955,-0.494907765,0.571084328,-0.400898673,-0.307978094,,0.04365008,0.0439452,0.105850782,-0.224217911,0.086525016,-1.68891798,,-126.523667,18.05719832,-25.41846257,29.92061214,-20.56553477,-14.64627632
zcta40,95652,11.42460184,-13.84122454,-22.03419031,10.04491271,-14.57600715,-0.034311723,,-0.264091358,-0.475665127,0.018526224,-0.571243278,-0.627514361,-0.035218178,,0.232949834,-0.258076669,-0.393402344,0.257009541,-0.389079891,0.013987423,,-14.06690129,-23.26000251,1.632422676,-30.50435762,-30.35591091,-0.713280116
zcta41,95653,-0.726625769,-32.05114066,-0.28157769,0.834146206,-38.54194448,-118.5992147,,-1.157842328,2.977787811,2.376550434,-1.965749711,-0.813661277,3.816273968,,0.397183993,-2.361336662,-0.487114048,0.305778595,-0.977721364,-4.079441237,,-61.78346665,154.0531217,120.9396232,-98.12545978,-36.29211509,197.2674008
zcta42,95655,-0.248988411,-6.476754693,-3.152325504,-3.195936204,-2.306825817,-1.839044,,-0.389970611,0.101098284,0.202259829,0.29837192,0.088247217,-0.165719406,,-0.307660665,-1.341088155,-0.775065634,-0.865502475,-0.897034419,-0.581693188,,-20.50908604,4.64839879,9.930466662,14.77730461,4.263226968,-9.596149137
zcta43,95658,-0.453024919,-0.24994833,-0.47568651,-1.300547844,-0.380878141,-0.279272372,,-0.987123508,0.119963288,-0.051536989,-0.167287899,-0.170153391,0.025943971,,-0.76760539,-0.546950616,-0.623569161,-1.447598364,-0.541285644,-0.341695313,,-50.6921106,6.017881164,-2.728227572,-8.632990914,-8.740518411,1.268384072
zcta44,95659,-0.017336482,4.525153648,2.385921778,2.545183934,-1.275396232,1.109922714,,0.304963961,3.863155242,0.991452735,3.897891565,3.912445738,1.169602543,,-0.053432091,0.203330355,-0.178465073,-0.245969331,-0.36067939,-0.316216959,,15.85905265,199.1375565,52.04267208,200.699863,201.5764925,60.06460979
zcta45,95660,-0.173248756,0.498190036,0.408603623,1.02605447,-0.653172771,-0.104770588,,-0.750384959,-0.266050799,-0.344791982,-0.536948154,-0.272348886,0.066923275,,-0.685214538,0.037056274,-1.022583019,2.66227974,-4.037972501,-0.589459113,,-38.5594261,-13.43254662,-17.60617667,-27.69758015,-13.96234067,3.491081732
zcta46,95661,1.368145167,1.280642995,1.116592065,1.856308421,0.41260384,0.592743442,,-0.309999163,0.378240067,0.325288431,-0.101777282,0.117365628,0.2854934,,3.338041702,0.667123602,0.781423588,3.271541659,-2.956551734,-2.24302316,,-15.99547667,19.62823394,16.88101485,-5.090699467,6.135550069,14.87688551
zcta47,95662,-0.460382216,-0.839047357,-0.90151579,-0.126596309,-5.287154042,-1.320758351,,-0.050959624,0.068493003,0.206504052,0.201340369,0.196539231,0.151054984,,-3.80833581,-4.323553952,-7.528043534,-0.594698003,-16.62050515,-6.997703455,,-2.682824027,3.68316755,10.6939413,10.26002511,10.04543377,7.815871515
zcta48,95663,-4.919686109,-13.19688241,-12.27992495,-0.611166541,-5.813659456,-1.036586065,,-0.738880583,0.388904417,-0.001368312,0.454262898,0.525367685,0.252047972,,-0.708152433,-2.5418103,-2.749646663,-0.001167829,-1.29091056,-0.311712707,,-37.9976712,20.45090008,0.013625248,23.12490575,27.33457291,13.18168729
zcta49,95664,-0.305209124,-0.368674688,-0.222253135,-0.207763297,-4.598164747,-0.619770441,,-0.718890982,0.681864812,0.757988342,0.693842491,0.725437539,0.490792743,,-0.139672363,-0.195964719,-0.168041955,-0.027925236,-0.328652332,-0.211276739,,-36.5856624,35.02823605,39.34763295,35.3689688,37.81500805,25.53921888
zcta50,95667,-0.152951667,-5.894825022,-0.12977824,-1.609702722,-0.503674079,0.453634382,,-2.712364899,0.064600893,-0.062919271,-0.279073386,0.044738653,0.201036153,,-0.319360301,-30.53089572,-3.375787457,-12.69377417,-3.302503806,2.774278768,,-139.3328366,3.424301054,-3.160119477,-14.14579132,2.341432753,10.27684131
zcta51,95668,-0.278675378,-0.391092139,-5.707698383,-0.113243205,-0.55403918,-0.250745591,,-0.650154389,1.218222925,-0.181538809,0.915194184,0.845700332,0.482945467,,-0.063781695,-0.067152253,-0.431703415,-0.00910845,-0.078770139,-0.011361894,,-33.07549376,62.93397968,-9.414064011,47.51434814,43.42925817,24.96064147
zcta52,95669,-13.96094874,-0.868021853,-2.079149147,-0.977267913,0.359477411,-0.963855159,,-1.819569399,-0.564354834,-1.817346209,0.342235818,-0.78849169,0.760555366,,-13.70523202,-1.502265827,-3.138539226,-1.041248561,0.902716495,-1.104362692,,-92.8899021,-28.67489217,-92.34879267,16.53561568,-42.01160586,38.26889831
zcta53,95670,-0.899870831,-0.785481995,-2.331354246,-0.836857386,-1.630589064,-1.257941047,,-0.018672122,0.682930276,0.613312772,0.740494966,0.728420404,0.539068728,,-10.4596792,-13.94641012,-25.40209114,-14.52785237,-22.99731606,-15.87250732,,-0.672762965,35.7564422,32.06359518,38.54865901,38.10896119,28.19097957
zcta54,95672,-1.012358529,-1.105912657,-0.937613075,-1.046248167,-0.547312646,-1.138141538,,-0.749662928,0.448661198,0.229926303,0.293591701,0.461296373,0.318255207,,-0.727313813,-1.115985839,-0.878511798,-0.591790138,-0.723190888,-1.294900822,,-38.51609136,23.03885599,12.27819061,15.00364581,23.79564478,16.45352096
zcta55,95673,-5.664735001,-10.52707819,-6.782435504,-4.314262056,-9.935559855,-4.975789786,,-0.359328405,0.196267778,0.197793683,-0.11087976,0.137814162,0.139545938,,-4.520708594,-8.761370656,-6.751317387,-5.223526833,-8.873171632,-3.7930025,,-18.78135242,9.819080132,10.06581965,-5.531485281,7.154700991,6.772451549
zcta56,95674,-0.097258263,0.058366027,-0.152845671,-0.871265671,-1.060119868,-2.003924169,,-2.124664511,0.619682929,0.113673831,-0.463655956,0.425731231,-0.038276518,,-0.025710752,0.048927855,-0.029910298,-0.260800836,-0.110926629,-0.291511036,,-109.3157372,30.73253716,5.234688307,-24.87903184,20.88073369,-2.76294463
zcta57,95677,-1.320527228,-6.593905918,-1.645006244,-0.885750385,-1.194936921,-7.243505634,,-0.431527897,0.386809669,0.386228082,0.224234428,0.437534244,0.495158593,,-2.579259788,-14.05472299,-6.396516851,-2.456798529,-3.579512073,-17.91952808,,-22.3127233,20.25332234,19.74825729,11.33168043,22.44969989,25.63728963
zcta58,95678,0.159734849,0.087703866,-1.41316443,0.568014755,0.073303029,0.536490941,,-0.487699939,0.441749201,0.271378162,0.098344863,0.322959202,0.288396186,,-0.391393226,-4.267193006,-9.539905935,-1.208825227,-2.855690899,-1.214245782,,-25.1319668,23.08373463,14.23678171,5.074768498,16.65058448,14.88048277
zcta59,95679,0.506136363,1.438811946,1.354252585,0.655268606,0.015118585,-2.587012744,,-2.246997947,0.995220005,1.642404355,1.824686176,2.464001924,2.165437886,,0.014909143,0.029931928,0.024158714,0.003152461,-0.011341141,-0.043735021,,-119.1157892,54.93667687,86.9761312,95.38328266,129.4836698,114.1573451
zcta60,95680,1.140744046,-29.19896113,-7.748252593,1.731049693,3.141272351,2.970202361,,-0.075933667,0.534727185,1.273009266,1.071136451,1.632017036,-0.554665251,,0.017993064,-0.684418864,-0.331567857,0.04671003,0.122273557,0.113627317,,-6.268014531,25.14714125,61.93189506,51.4081102,80.52271521,-31.72585134
zcta61,95681,-0.233823224,-0.496508227,-0.120184606,-0.446132511,-0.117616778,-0.036494096,,-0.797046774,0.681993779,-0.267244496,0.387308762,-0.027329659,0.466835893,,-0.165931999,-0.310937824,-0.045920808,-0.182051134,-0.093310249,-0.070388634,,-40.84408075,35.26773024,-12.79953925,20.10741737,-0.392843013,24.1699486
zcta62,95682,-5.180025579,-6.249697792,-6.193553587,-0.826683154,-1.14790985,-4.809657636,,-1.03489533,0.517833527,0.235300258,0.189691194,0.572510167,0.545470288,,-14.75179092,-18.68767799,-19.4955999,-4.825900386,-8.603213019,-15.56918549,,-52.67807706,26.86035135,12.37322821,9.720452458,29.83535877,28.15586081
zcta63,95683,-0.170281434,-0.212300878,-1.393356285,-0.42288985,-0.19338202,-0.251605984,,-0.090513906,1.536425264,0.580186858,2.200619415,1.370312329,1.056501888,,-0.107979243,-0.917744262,-1.684516619,-0.567518366,-0.517575196,-0.638475915,,-4.619119307,79.30924993,30.1568991,113.0971941,70.4342135,54.24091592
zcta64,95684,-1.042340534,0.305521709,0.406739124,-5.243110739,-0.360403335,-6.238819892,,-3.95301239,-0.919931347,-0.073924841,-0.021669415,-0.556514149,-0.630432799,,-1.024586395,-0.252121423,0.115348724,-1.58196096,0.125211176,-2.708991543,,-202.1006185,-46.73932135,-3.724656549,0.000603161,-28.63218768,-31.45601774
zcta65,95690,0.610401784,-0.106884665,-4.516234664,-1.487946863,1.073225147,-8.923354322,,-2.400927601,0.466553179,0.926570075,0.964409308,0.040185623,0.404753178,,-0.449294795,-0.511623834,-1.305965088,-1.905173625,0.180904373,-2.106995516,,-123.5754376,24.18395197,47.38734709,49.72663943,1.868539418,20.52821591
zcta66,95691,-3.043287125,-6.268598497,-14.30471832,-6.62068477,-12.54976409,-6.826834089,,-0.406210229,1.359792643,0.850941976,0.337934921,0.988673848,0.699175483,,-11.44651497,-28.63228485,-55.7374713,-31.99060123,-47.16664,-35.75689996,,-20.32800207,71.77747155,44.88776929,18.96850061,52.49061373,37.75946944
zcta67,95692,6.307770275,5.383306867,3.503655649,3.574466018,3.484816768,2.078696089,,-2.746978089,0.062886506,0.034375631,0.163807211,0.389391759,0.343180969,,2.098359319,1.124306632,0.525897428,0.627200045,0.628791068,0.339961043,,-140.4675689,3.905962948,2.223263144,8.485584035,20.29907809,17.98150194
zcta68,95693,-1.251565898,-1.101375144,-0.718359601,0.106310255,0.052642846,-0.090278707,,-0.622696717,0.113238166,0.123772808,0.230861892,-0.034877776,0.091125343,,-2.841507424,-1.61599907,-0.858120704,-0.197558761,0.089536614,-0.838839543,,-31.2075607,5.91579326,6.600859073,12.07161133,-1.632998181,4.973810219
zcta69,95694,2.892277218,0.34969403,1.064762429,-0.080216687,-0.528939421,-0.415585412,,-4.975389179,-0.578633272,-0.598326707,-0.523816062,-0.468476115,-0.456346785,,1.995564028,0.382707887,0.250357314,-0.5730223,-1.081471113,-1.424610041,,-255.6762385,-29.63168567,-30.78753758,-26.20040453,-23.67927118,-23.11040006
zcta70,95695,4.345528064,4.503351817,3.566272191,4.544055664,4.771324557,4.411170039,,-2.256941803,0.117521271,-0.121941579,0.02032492,-0.017939741,0.069204929,,16.47025228,13.33884464,8.460638801,17.06247303,16.69520104,12.58319857,,-116.4983373,5.582942987,-6.804980743,0.59711262,-1.293067181,3.397568312
zcta71,95697,0.153996968,0.171831179,0.171832829,0.171834443,0.161331474,-2.832020039,,0.806598707,4.865816045,0.642786217,4.488502288,2.746211135,5.121582456,,0.033237431,0.059798328,0.059800785,0.059803188,0.044160878,-0.775055086,,39.44026849,250.187112,32.60618075,226.6001493,138.517324,262.1037383
zcta72,95698,-4.662057724,-0.459623459,-5.74578391,-0.11290293,-0.741543572,-1.08366424,,-3.045358414,0.264023326,-1.718919333,0.634175305,0.039018754,-1.549706625,,-0.374506965,-0.087854923,-0.368449783,-0.018652016,-0.131806886,-0.082034966,,-155.211815,16.24905634,-84.356798,33.11163456,2.131976804,-79.20324456
zcta73,95701,-0.068014492,-0.127899035,-0.069287988,-1.662372917,-0.003210169,0.007163567,,-9.468171143,-0.14747417,0.400761466,0.272277056,0.575051151,1.176686509,,0.008916296,0.034478129,-0.044236173,-0.197034903,-0.008552376,-0.006854388,,-485.3474353,-7.654275268,20.23859008,14.04339253,29.46289253,60.62145887
zcta74,95703,0.069442254,-0.395412753,-0.891489562,-13.40416887,0.134593858,-0.315327965,,-3.197657399,-0.48606571,0.040018637,0.38469944,-0.082252031,-0.217217033,,-0.011749805,-0.3339634,-0.372431401,-0.886509322,0.001170209,-0.066711232,,-164.2373445,-23.25992385,3.994848589,20.47522286,-2.702328646,-10.67822555
zcta75,95709,1.209651096,1.506703195,1.251272777,-4.532019116,1.007389568,0.7840255,,-3.336873143,0.09386324,0.010180493,-0.528731593,-0.303423778,-0.152816859,,0.793283475,0.961806281,0.80788324,-2.628685698,-0.256375543,0.196442645,,-170.9899275,4.72913171,0.290589546,-27.11866548,-15.06930141,-7.92966694
zcta76,95713,1.237448886,0.323988883,-0.604212043,0.766749243,0.378202299,0.754724145,,-3.799465294,0.669414401,0.618466782,0.51004059,0.75290068,0.457810286,,2.66925571,1.225734567,0.523843583,1.457202273,1.354204898,1.147480858,,-196.3894031,33.26629757,30.63682763,24.83424591,37.63742788,22.38137
zcta77,95714,-6.418630976,-0.438071048,-0.518872368,-0.683562851,-1.04810679,0,,-9.134738841,-4.282821117,-3.06459409,-0.637973892,-1.837011821,0.681901374,,-0.986796044,-0.097113561,-0.172703817,-0.23834119,-0.232349114,0,,-468.027199,-219.3613867,-156.9500083,-32.66625435,-94.07091348,34.91100112
zcta78,95715,2.704025409,2.718117626,2.255740435,2.429574348,2.665765984,2.603571514,,-7.340116726,1.280885976,1.181144071,1.925769596,1.390436623,1.491181118,,0.092837444,0.09662487,0.0750277,0.083442453,0.086270735,0.07719641,,-392.0709042,69.26483795,62.95734251,103.2657455,74.32305089,80.46168642
zcta79,95717,-0.388528135,0.040447548,-0.208732842,0.050347182,0.101851502,-0.45666105,,-11.24797509,-0.169212343,0.213128566,-1.304147977,-1.20212415,0.507463785,,-0.082540226,-0.001191265,-0.049604014,0.003815524,0.012462671,-0.086275519,,-573.8743235,-8.274302976,11.414965,-66.22937297,-61.24471735,27.43830568
zcta80,95720,-1.66022521,-0.260637484,-0.177023619,-2.677249131,-0.030613798,-0.06312872,,-5.645190502,-0.273867577,-1.073713674,-0.246496803,0.273391565,0.892688978,,-0.107235846,-0.021515863,-0.028643919,-0.014088656,-0.001952071,0.002437217,,-288.9997786,-13.97325345,-55.01951887,-13.03034038,13.40302092,45.40890764
zcta81,95721,0,0,0,0,0,0,,-16.34291555,-0.689111036,-5.936125701,-1.792201165,-8.137382198,-0.891282571,,0,0,0,0,0,0,,-825.7193199,-34.77400615,-299.7071345,-90.44958182,-410.9192766,-44.9770726
zcta82,95722,4.178019105,5.065564014,4.531546688,4.232716977,3.752586471,2.833122058,,-3.117924354,-0.066046896,0.00062188,0.109483001,-0.13093839,0.080789879,,1.605117571,2.017963136,1.616755514,0.819379502,0.864049591,-0.067879786,,-160.2081785,-3.351980162,-0.009668282,5.976550125,-6.040677106,4.540596048
zcta83,95724,0,-1.276493186,-2.437950311,0,0,0,,-3.189300617,2.2545422,2.826275114,2.789727333,2.707512588,1.50793183,,0,-0.020863222,-0.039167294,0,0,0,,-181.4850148,128.210204,160.7091328,158.6318478,153.9588666,85.76153869
zcta84,95726,-0.664450583,-1.009785504,-0.135227634,-0.855276271,-5.589344534,-0.500610146,,-4.04516189,-0.204501627,-0.058912573,-0.168577344,-0.32700343,-0.314794772,,-1.05467957,-1.794227661,0.008357084,-1.351407297,-2.966307847,-0.786179273,,-207.3928327,-10.09304825,-2.833536672,-8.29822832,-16.40139251,-15.74403045
zcta85,95728,-0.006701461,0.012281463,0.050066999,-3.534764069,0.078254742,-3.780185888,,-9.661682335,1.767211844,-0.200986808,0.664007552,-0.202872937,1.07555914,,0.006859791,0.006076426,0.019547936,-0.846412089,0.028848748,-0.495644096,,-495.8676007,89.99653502,-9.977209206,34.55694898,-10.8717879,56.57479608
zcta86,95735,0,-1.209958524,-1.202033473,-0.423092008,0,-0.083581245,,-2.378177553,0.000331006,-2.107957679,0.716653453,1.480042098,0.723157141,,0,-0.081969233,-0.057627057,-0.020283542,0,-0.001077243,,-120.9236669,0.01682705,-107.1812373,36.42922433,75.22804535,36.75979784
zcta87,95736,-7.502573016,4.86131E-06,-0.378632903,-27.93499306,-31.32300714,-0.706010873,,-3.991731555,0.600301896,1.113149018,2.264533039,4.425912534,-1.815937679,,-1.062725998,6.14721E-06,-0.103405288,-1.158312719,-0.313522716,-0.109794521,,-203.6998742,31.28875274,57.52063855,115.4186608,226.8905446,-92.83322467
zcta88,95742,-14.00039984,-8.227171702,-6.551382353,-1.363608139,-8.030809969,-7.003130153,,0.272952572,1.61886985,1.063957862,1.22869519,1.771715061,1.371798968,,-3.245208075,-2.395075187,-2.367460778,-0.920292905,-3.035345255,-2.307735494,,14.96792973,84.53629733,55.86211337,64.32209332,92.44129996,71.70132785
zcta89,95746,1.536586534,1.187685427,0.56029814,1.593210155,1.357814959,0.77816242,,-0.411244177,0.05835667,-0.090840134,-0.17297425,-0.06765432,-0.044504507,,2.12081235,0.933495662,1.162873608,2.016672999,1.12743461,0.220203287,,-21.06423398,3.121219864,-4.517248528,-8.996636162,-3.416160848,-2.109519969
zcta90,95747,-0.502754024,-0.575146362,-0.907849943,0.407527756,-0.12107162,-0.122065397,,-0.444805576,0.596362041,0.136231636,0.302291852,0.472537895,0.170718489,,-4.697398758,-6.42881136,-9.747632171,1.761240455,-4.285435132,-4.12247987,,-22.89765269,30.85215048,7.081256612,15.49863999,24.45124803,8.917202894
zcta91,95757,-1.486512109,-2.515138042,-1.864881043,-1.751411823,-2.006129237,-1.681451811,,0.012964962,1.399439729,1.27412035,1.202479739,1.128503391,1.175558458,,-3.495433933,-5.958983504,-5.555410595,-3.762828708,-4.268938724,-4.142604894,,0.751141224,71.97006658,65.48785809,61.62183718,57.944773,60.26444681
zcta92,95758,5.589648063,5.529992012,0.038816732,4.212975167,1.232198067,4.578759079,,0.106894386,1.490794755,1.520521063,1.234482463,1.291285186,1.320756983,,14.83982997,11.73355477,-3.928298491,5.673521129,-0.017374586,5.442377966,,5.621772013,76.78893186,78.21315379,63.61322861,66.51506019,68.08186368
zcta93,95762,-0.611169412,3.607318061,3.758575871,-0.461897911,-1.184716455,-0.480407877,,-0.519764346,0.54745376,0.379167053,0.949940761,0.630074368,0.651923371,,-4.522946681,0.362457909,0.493136687,-5.1690408,-6.522442792,-5.066268448,,-26.45682418,28.12134128,19.5740875,48.61031996,32.34055401,33.44927492
zcta94,95765,-0.122336847,-0.031554516,-0.502264584,-0.453988573,-2.399623548,-0.425983577,,-0.592951652,0.530513846,0.370893438,0.424928102,0.467982063,0.509474916,,-0.720361735,-1.235136167,-3.032998246,-1.330131127,-10.09786194,-1.525176001,,-30.46543316,27.43010774,19.11743643,21.75003588,24.66007493,26.03205515
zcta95,95776,-1.397435085,-1.088637386,6.095881496,1.418321377,1.116018149,1.841168022,,-2.266596325,-0.198103086,-0.24279722,-0.492653533,-0.42669923,-0.23416422,,-2.129219607,-2.167084964,3.818745749,1.479072792,0.615314041,1.370179111,,-116.3434117,-10.25708664,-12.60620822,-25.10971114,-21.68756679,-11.69394576
zcta96,95811,7.587384118,7.796955628,0.403056714,2.633182957,2.423279249,2.077810066,,-0.059958063,1.572037655,0.855890276,1.720983117,1.457631404,1.721132046,,3.307273672,3.853149814,-3.184027869,-0.93969572,-1.756999477,-2.068307615,,-2.999471658,79.04578905,42.97235639,87.15411234,73.34073501,86.02888685
zcta97,95814,0.242988773,-2.354332882,-7.605298457,-7.531654073,-6.963253591,-9.10862344,,0.760002188,3.254584927,2.406029892,3.903807741,3.394079552,3.900898442,,-1.742465826,-8.022092361,-18.32322373,-16.2839,-16.22652417,-22.21282856,,37.8410437,162.1589487,120.2726239,195.478096,170.3572168,193.5932659
zcta98,95815,6.08849315,-1.006584682,-1.237821287,-0.501234799,5.425310999,-0.028552476,,-0.595957134,-0.366462404,-0.116294484,-0.689773265,-0.193053613,-0.391759484,,7.195876755,-3.506374082,-6.843129825,-6.141316164,3.095077845,-5.532955835,,-30.6313759,-18.22004656,-5.922528316,-35.24478831,-9.758729415,-19.83793094
zcta99,95816,-2.07388413,-7.435248865,-9.334868384,-8.900956888,-9.037763612,-7.857037924,,-0.460754159,0.886521849,0.63042965,0.710203706,0.187058551,0.578961501,,-3.528084249,-14.16007309,-20.94342421,-17.40036042,-17.7613939,-16.78488698,,-23.47062482,46.19481736,32.57152107,37.0774296,9.809384473,30.5308866
zcta100,95817,2.515185539,3.461693065,-0.699274673,-0.209687514,2.972313846,0.423892239,,-0.91513049,-0.423034474,-0.252989862,-0.300838761,-0.277339368,-0.308319709,,4.028908493,4.187987142,-2.118784922,0.30878122,3.160028442,0.366248722,,-47.10966461,-20.93344002,-12.68206582,-15.43282977,-14.02599787,-15.76899653
zcta101,95818,2.470432751,-0.354742509,-3.591382451,-4.318371909,-3.803487362,-5.228499987,,-0.295599203,0.124131827,0.541430596,0.322593759,0.170303383,0.261234396,,0.853536135,-9.53333447,-23.92619537,-20.63710449,-19.99206231,-24.52767931,,-14.72347133,8.301133981,28.72627306,17.69664426,10.15141617,14.97053182
zcta102,95819,-1.249006414,-0.883805751,-2.413148226,-0.14228603,-2.490785356,-1.64664069,,-0.499739601,0.269936596,0.242651756,-0.153279717,0.162227735,-0.00774513,,-2.238348825,-5.022067441,-9.413734952,-3.535284092,-10.15787012,-7.744866771,,-25.32794608,14.37127487,12.98390064,-7.587594951,8.81049937,0.171138604
zcta103,95820,-2.384642997,-1.239994353,-3.279185567,-2.299198687,-1.696789187,-7.5000644,,-0.815579719,-0.330501367,-0.324716859,-0.340233287,-0.230935289,-0.183023455,,-7.957089642,-6.329112968,-16.11160632,-10.4304125,-7.46586022,-23.19420163,,-41.96738186,-16.50708213,-16.54717836,-17.36206788,-12.02626319,-9.302067108
zcta104,95821,6.729459357,6.821307815,7.117197339,6.683473615,7.704846376,6.535693674,,-0.268404585,0.092707542,0.13618178,-0.122035608,0.072748835,-0.034258562,,27.58839455,27.06467692,27.62899321,26.49810285,28.66923556,24.44171954,,-13.75951051,5.161886175,7.072069244,-6.19211416,4.063891434,-1.461513345
zcta105,95822,-6.268013887,-5.113727791,-6.055333625,-6.198807727,-6.808804316,-6.279196655,,-1.011010562,-0.234134382,-0.124236281,-0.208648606,-0.324723668,-0.18487634,,-36.33170205,-30.40329913,-41.05940108,-39.86403129,-43.46471286,-42.39918173,,-52.02697452,-11.58068475,-6.453881099,-10.69072074,-16.60635473,-9.127584338
zcta106,95823,1.096874485,5.701788689,5.723868104,1.998677163,0.230501237,0.453517576,,-0.892743871,0.193162536,0.112660059,0.104631341,0.079035462,0.060779128,,2.910406465,15.56196779,15.51171435,5.200185029,-3.008916131,-2.613784686,,-45.9025298,10.26634747,5.908779831,5.419939576,4.105163398,3.227485167
zcta107,95824,-1.643521955,-0.153961293,-1.669588031,-2.45248222,-0.478460406,-0.613462099,,-1.567101502,-1.059751013,-1.123264522,-0.640765305,-0.462755065,-0.608664246,,-4.007300658,-2.930169163,-6.584980057,-6.57281197,-4.481297062,-4.223381276,,-80.85797058,-54.26148577,-57.73778307,-33.02542937,-23.86016288,-31.23867359
zcta108,95825,6.641271897,6.112781987,5.76734269,6.912500727,6.49318764,5.703565053,,-0.295331826,0.066484451,0.157852908,-0.120168565,0.046751677,0.012872936,,30.70263841,27.11683419,24.27841915,30.39087059,28.11884278,25.72841328,,-15.35383093,3.701811773,8.059080478,-6.120600987,2.368936741,0.742522973
zcta109,95826,0.127286227,-1.496596767,-2.124478624,-0.025377636,-0.404672075,-2.295149456,,-0.111047233,0.666509066,0.665268284,0.51303384,0.625189741,0.539757333,,1.77899314,-4.612143074,-10.72730485,-0.45705707,-3.692343694,-11.66753206,,-5.470673597,34.7692815,34.58267949,26.53268953,32.3060871,28.0216172
zcta110,95827,-6.303127522,-8.212536775,-8.146334151,-0.190293387,-7.225015159,-7.491309909,,-0.077911096,0.696210256,0.546120248,0.648427779,0.589348121,0.324013927,,-9.346711908,-15.44886629,-17.56990355,-2.888773176,-14.80037207,-15.4374575,,-4.024836074,36.07985122,28.3908629,33.27690528,30.47379317,17.01305332
zcta111,95828,-0.179327378,-0.468775998,-4.607251723,0.137305151,-0.211683503,-5.493111271,,-1.331382814,-0.383725405,-0.347271212,-0.583149737,-0.122176127,-0.273173347,,2.681286152,-6.760576632,-16.88053939,0.864751421,-1.258645266,-22.69261639,,-68.36233104,-19.37174491,-17.6076984,-29.81138561,-6.281452509,-13.59975163
zcta112,95829,2.899124461,7.79465613,6.890697091,2.625703166,7.164294006,7.027440578,,-0.906917641,0.081792167,-0.057043981,-0.19295649,-0.062151374,-0.017374145,,1.871850301,5.218035393,4.078046799,0.28441251,5.485486342,3.939972732,,-46.63028812,3.823985947,-3.015701195,-9.990428436,-3.473442436,-1.03984855
zcta113,95830,-1.695075183,0.013268533,0.574558341,-0.494582279,-1.393547191,0.031240513,,-0.441809034,0.585682421,-0.003211728,2.047849552,-0.070186805,-0.576647112,,-0.343684187,-0.133214431,0.103463017,-0.001783077,-0.152199429,-0.197159786,,-21.49149226,30.10875473,0.708594819,104.9858079,-2.770762467,-28.49157444
zcta114,95831,1.23786272,0.509970991,5.043893676,-0.852643441,-1.189231871,5.589601627,,-0.582839363,0.048114554,0.233816538,-0.1882716,0.028214645,0.10868417,,8.785509338,0.925327799,21.06273969,-11.09644088,-12.35169583,26.30528338,,-29.9210218,2.895186964,12.32286768,-9.24414004,1.633444568,5.961155575
zcta115,95832,0.430603151,-4.364820312,-4.136508668,-4.89602377,-4.93708757,-3.638387618,,-1.19774365,-0.866569821,-0.633092027,-1.556836497,-0.969910589,-1.23874608,,-0.044819196,-1.991768075,-3.172705394,-3.623191183,-3.728580467,-2.173441976,,-61.72525278,-43.88679484,-32.46858509,-79.37595195,-49.31009191,-63.37860158
zcta116,95833,5.039094002,4.746696178,-3.676956216,-1.515739002,-1.945436209,-3.123874887,,-0.540759357,0.009241307,0.061459892,0.046510727,0.035743601,0.166595288,,3.786534845,-2.380028174,-18.37916608,-13.95988401,-15.5068351,-19.59098694,,-27.35709862,1.800065662,3.714935397,3.3513442,2.935495708,9.915132791
zcta117,95834,-1.603999828,-7.386699069,-9.645300139,-12.03085404,-8.199141128,-10.65087397,,-0.33349562,0.645820146,0.439714769,0.937383242,0.552209208,1.073725678,,-3.844762464,-9.845216287,-14.92788694,-17.94079617,-12.63583199,-16.45101299,,-16.73096035,34.32461276,23.48873699,49.3241312,29.12974353,56.26477629
zcta118,95835,-0.300301752,-1.308443341,-2.7666992,-8.643153014,-2.531180252,-7.484638306,,-0.438255183,0.746459841,0.2104691,0.936960822,0.741899913,0.841637445,,-0.539860031,-3.731962273,-11.70221643,-16.30838959,-10.42287968,-17.29215916,,-22.17132526,39.42823613,11.36629169,48.57923061,38.69638939,44.04918702
zcta119,95837,0.300858972,1.475204421,0.546167978,-27.15546665,-5.082521857,-5.734363752,,-0.112261013,1.004221846,0.6282229,1.688295718,0.271080397,0.606696013,,0.020576235,0.072937896,-0.044717324,-0.694683868,-0.311121721,-0.241540115,,-4.798600512,52.64846824,33.57837289,87.65696993,15.5377614,33.19756519
zcta120,95838,-1.372611102,4.422761293,-0.690341882,-0.442200186,-1.260866613,-1.126060332,,-0.801670871,-0.528228564,-0.421673553,-0.97039151,-0.469392384,-0.511923973,,-7.010826836,4.794694673,-5.710050266,-2.828397279,-5.441954788,-6.08369753,,-41.24320328,-26.85792127,-21.43008252,-50.03259549,-24.15234005,-26.43025835
zcta121,95841,-1.435312137,1.644170298,-0.826940554,0.943275968,0.131431389,-0.145454822,,-0.316976906,0.092538199,0.24810579,-0.031775189,0.318435723,0.213446527,,-2.750045545,2.199310819,-3.630076614,-0.281525924,0.142543004,-0.707988253,,-16.15699012,5.238704465,12.77466166,-1.332888054,16.39116985,10.95368234
zcta122,95842,4.315059414,5.857122516,4.781779929,0.107771426,4.587617785,0.063986367,,-0.446188938,0.147492399,0.158787122,-0.14682958,0.033760039,0.012272113,,4.374418555,7.424995999,3.407495078,-0.226426302,2.970866901,-3.87791962,,-23.21586011,7.478660701,7.707802402,-7.839007647,1.513241607,0.681415675
zcta123,95843,-5.577218765,-5.497737025,-5.937964266,-5.825854122,-6.46712615,-6.105284892,,-0.612100388,0.093550641,-0.033401434,-0.001838353,0.194465807,0.370359206,,-8.284640256,-11.02059167,-11.2322005,-11.5125258,-9.482621613,-13.06408647,,-31.45991389,5.097510363,-1.518125869,0.016064868,10.13059472,19.17926573
zcta124,95864,6.015371637,1.982962271,5.483978577,1.009627608,6.080874602,5.398886022,,-0.277147902,0.123348306,0.089742771,-0.188265031,0.023891583,-0.226717161,,20.00053868,6.00212106,16.96338943,1.774441048,20.55999731,15.45682994,,-13.87712375,6.769880116,5.058789333,-9.50637517,1.580355705,-11.12137038
zcta125,95901,5.730412585,0.52066358,0.622077853,0.538114903,4.966392902,0.437034763,,-3.611280861,0.309956755,0.427223524,0.329936237,0.20075473,0.37561859,,11.56569198,-1.221470147,-0.435608737,-0.385688835,9.27167908,0.4989286,,-185.1998975,16.48001379,22.43155192,17.14380585,10.46873248,19.4364042
zcta126,95903,0.395468714,0.289710128,0.150101848,-0.133919769,-0.86592157,0.287247345,,-4.615756291,-2.859249466,-3.566611181,-2.652837504,-2.66585983,-2.582157267,,0.040196049,0.002634014,0.022788314,-0.014363759,-0.057047162,-0.051470534,,-266.6202288,-165.2826956,-204.3597046,-151.5322946,-151.7153051,-147.4658483
zcta127,95914,0.545009375,0.490970825,0.573462846,-27.82966735,0.195176274,0.593855441,,-3.805513644,1.803614198,1.044148373,3.109722763,2.319613895,1.655076224,,0.217740892,0.214690468,0.203624957,-1.320973516,0.22676884,0.23445008,,-195.0540467,92.20233649,54.18987069,158.7415474,118.2783412,85.08817985
zcta128,95918,-0.324490525,-1.04678722,0.190768233,0.076997968,-0.119163701,-0.778740089,,-6.137080261,-1.282431822,-0.277150771,-0.664263067,-0.499399304,-0.531786371,,-0.430435493,-0.477782756,-0.031655436,-0.201660871,-0.348826653,-0.738013573,,-314.6439981,-65.4638759,-14.15693889,-33.96841298,-24.80542091,-27.06212698
zcta129,95919,0.261009469,-0.060963423,-0.015743245,0.280865451,-0.970818782,0.282001611,,-7.619631981,-0.859234699,-0.411074007,-0.673046857,0.713933204,-0.966024105,,0.152038972,-0.127038581,-0.107018971,0.2095189,-0.33455727,0.189197411,,-390.6746029,-42.99485256,-20.66364981,-34.60973284,36.77465917,-49.49788867
zcta130,95922,0.048637104,0.019288966,-0.275195107,-0.090146455,-0.346467594,-0.006387546,,-10.42596832,-1.192780081,-0.8419536,-1.006630464,0.187244518,-0.321310392,,-0.024834252,-0.039863158,-0.077057653,-0.083780351,-0.140346149,-0.0010632,,-533.7350898,-60.86673859,-42.73593122,-51.49817553,9.826698664,-16.40457275
zcta131,95925,0.539596854,0.066510529,0.511209991,0.290087165,-0.443793456,0.644631826,,-7.083651459,-0.370340009,0.181024722,0.339336789,1.130842162,0.861308066,,0.007577653,-0.034054626,0.003127891,-0.012829554,-0.047899218,0.027933336,,-363.2342084,-19.05822787,9.663858175,16.92049947,57.67826929,44.00335199
zcta132,95930,0,0,0,0,0,0,,-25.67903339,-5.268084514,-1.526498365,-1.956675411,-1.286357481,-1.076697624,,0,0,0,0,0,0,,-1316.706369,-269.8454015,-78.16779899,-100.1997654,-65.86942933,-55.13250702
zcta133,95935,0.060727812,0.051258695,-4.019755759,-0.217789616,-0.331167102,-1.289905157,,-6.280650606,0.268925207,0.620257875,-0.338364942,-0.044398853,-1.068199573,,0.010229735,0.007150604,-0.426849176,-0.106052366,-0.184541567,-0.219206892,,-321.6008118,14.30753151,31.43121428,-17.04015037,-1.477468227,-54.18486802
zcta134,95937,2.450737266,5.229125643,4.589010988,4.273025914,5.257147399,3.561201678,,-2.158636755,0.377901001,-0.022997628,0.17164836,-0.233446504,-0.223361046,,0.321417504,1.073525487,0.789875087,0.769546591,1.07523816,-0.130964146,,-110.4701055,19.43335943,-1.135880644,8.371225286,-11.6807873,-10.57502889
zcta135,95941,-0.232705213,-0.033728238,-0.273812993,-17.18627467,0.477187517,-2.965852761,,-9.231022439,-0.473932908,0.177770647,0.25943674,1.557819824,-1.936278683,,-0.031709321,-0.03472529,-0.131445131,-0.921598649,0.222232697,-0.966326279,,-471.6008105,-22.47644685,9.16536027,13.91790988,80.36050306,-98.00722261
zcta136,95948,14.79213206,11.94005291,0.734808113,13.21867488,8.308284994,0.211832262,,-8.777578873,-1.937018579,-0.952843804,-2.318834461,-2.365264085,-1.29364428,,16.6665261,8.747771802,-1.408594512,10.8653397,8.255200833,-0.337789172,,-452.1419508,-99.98447387,-48.88181474,-118.6460363,-121.0425072,-66.36070241
zcta137,95953,-0.125709551,-1.960275048,-2.187766292,-8.578271961,-0.591214609,-1.248536003,,-6.546375291,0.136385641,0.218157896,0.337154808,0.275864895,0.804822617,,0.52474672,-2.47579241,-2.68418947,-9.183724435,-0.574254528,-1.454729221,,-336.4534193,7.550983438,11.67157768,17.99229322,14.14629405,41.21582519
zcta138,95957,0.091199042,-0.454925639,-1.194318422,-0.152925111,-4.782311687,-0.888875104,,-2.143050627,-0.200115845,-0.128873456,0.473057204,0.189251219,0.063487219,,0.055443996,-0.104519268,-0.207911394,-0.070450247,-0.373430058,-0.20743116,,-110.8920656,-11.05465081,-6.195088722,24.30034075,8.67604841,2.639037152
zcta139,95960,0.403286371,-0.357477207,0.322504261,-1.433229482,0.643855233,0.499066428,,-10.0991742,-0.532341061,0.502325657,-1.558776841,-0.373199252,-0.692700732,,0.366874059,-0.066464556,0.274566575,-0.510741156,0.511643077,0.396482513,,-519.0790261,-26.84383133,25.42216195,-80.37556862,-19.90781522,-36.42877197
zcta140,95961,1.30953726,2.662190341,1.726265331,-4.036234381,1.268898054,1.750001123,,-3.062678367,0.168022323,0.339626509,-0.448867265,-0.723632182,0.350532257,,-0.312669115,2.068390707,0.455380188,-3.882953888,1.228700928,0.762344837,,-157.2778084,8.407999384,17.32758452,-23.01949799,-37.14469412,17.72750475
zcta141,95962,-12.45937482,-0.792165254,-0.238007012,-0.184441809,-0.198360829,-0.56880046,,-5.681685243,0.361382778,0.622151357,0.143238565,0.948264829,-0.212355298,,-1.256293127,-0.266919639,-0.146894728,-0.224636871,-0.078615611,-0.292959441,,-292.0176366,18.7659881,31.86860424,7.119705662,48.92566934,-10.98643198
zcta142,95966,0.866508342,0.782211237,-2.831109062,-118.4824409,-0.040426617,-1.409764537,,-8.160666874,-1.945107632,-0.245282188,-3.124898196,-0.90704485,-0.178427803,,13.53518481,11.5615719,-25.62830258,-427.3306836,-2.769362596,-8.47363876,,-418.8430672,-98.46799708,-11.87542206,-159.441821,-46.13697748,-10.00182185
zcta143,95977,-0.236244753,-3.048695102,-5.098379901,0.034833258,-1.598290744,0.222032148,,-2.321723449,-1.231291781,-0.62523925,0.112247001,-0.253441799,0.166531964,,0.144046842,-0.552616016,-1.542260417,0.001744214,-0.386759386,0.221452178,,-119.7779423,-62.14032204,-31.03094572,5.983808753,-12.84147489,8.756761812
zcta144,95981,0.964914279,0.635941045,0.742588524,-0.622346582,0.509531625,-0.331441471,,-6.958686253,-0.227528788,-0.693628296,-0.161826948,0.899081905,-3.110709894,,0.058703092,0.030172549,0.042508757,-0.048270494,0.02291075,-0.045540858,,-389.2918479,-12.59717525,-38.25058306,-7.691618634,49.77110898,-171.1567743
zcta145,95982,0.094015541,-0.3523534,-5.095773792,-14.08227308,-3.645369111,-1.80319736,,-4.751260675,-0.033423809,-0.312101255,0.056762629,-0.248919148,0.25045994,,0.659088101,0.263210677,-0.670492739,-3.331485411,-0.374711922,-0.256420521,,-244.3491805,-2.003817879,-16.63931726,3.0460541,-13.0405293,12.45750754
zcta146,95991,-0.517368418,0.84199391,-0.03658061,-1.309232534,-0.155118029,-0.25559972,,-4.787722216,-0.054021442,-0.091647458,0.567394329,-3.20673E-05,0.097750209,,-0.903565526,2.038443318,0.883048321,-6.029044511,1.598916219,1.458516285,,-245.9690387,-2.921374069,-4.97450091,29.44295518,-0.073933149,4.933195364
zcta147,95993,0.719400344,0.120450706,0.712879773,-6.346789588,0.960768356,0.621922553,,-4.611674057,0.067546076,0.077329546,0.692318076,0.10813627,0.095449785,,4.341622863,-1.11919319,1.863806876,-22.91110782,2.002195556,3.036630595,,-236.8800918,3.823619449,4.399198873,36.18993743,5.690194046,4.96291056
zcta148,96145,-1.387123024,-0.076130897,-0.036307268,-0.013679422,0,-0.723834097,,-12.42740177,-3.509684486,0.101558946,-0.318133443,0.303453458,-1.892657799,,-2.71324482,-0.346147395,-0.156456253,-0.066830263,0,-1.647989546,,-636.8511155,-179.7513055,5.199767943,-16.28893398,15.53635931,-96.92093819
zcta149,96146,-0.083331115,0.181924901,-0.148777909,0.139835863,-0.664605581,0.003632908,,-8.876116569,-0.712929369,0.035594866,0.144582424,0.184183608,-0.515610301,,-0.051858975,0.170140697,-0.093876232,0.144638231,-0.299015685,0.047776231,,-454.1319767,-35.58190936,2.309822263,8.354613004,10.32623467,-25.67106688
zcta150,96155,-0.287974068,-1.94092917,-0.127921928,0,0,-0.018264047,,-1.609094412,0.239305821,0.055295602,0.077647205,-1.068320024,0.380102993,,-0.003039947,-0.01057424,-0.000696922,0,0,-0.000192801,,-84.29219718,12.52978701,2.895375255,4.065717783,-55.95633304,19.90091543
zcta151,96161,-0.003717349,0.057412741,-0.260639764,-0.748017313,0.069283491,-0.09132566,,-9.184936865,0.255996628,-0.025028999,0.479359226,0.189305661,0.097393206,,0.01573148,0.448066164,-1.008930783,-1.907901794,0.436119745,-1.160130937,,-471.4932045,13.0897236,-1.416326061,24.39938459,9.636277848,5.048749415